{  "spider": "./panda230222.jar;md5;6fdffe9b74ae6fa85d5858a2bd9fb6b9",  "warningText": "接口完全免费，切勿付费购买。",  "wallpaper": "http://www.kf666888.cn/api/tvbox/img",  "lives": [    {      "group": "redirect",      "channels": [        {          "name": "live",          "urls": [            "proxy://do=live&type=txt&ext=./tvzb.txt"          ]        }      ]    }  ],//qq频道:TVBox本地包https://qun.qq.com/qqweb/qunpro/share?inviteCode=1XBvP1xJJY9，tg频道 https://t.me/TVBox_local,tg群@tvboxlocal
  "sites": [    {      "key": "csp_xBPQ_360影视",      "name": "360影视",      "type": 3,      "api": "csp_XBPQ",      "searchable": 1,      "quickSearch": 1,      "filterable": 1,      "ext": "./XBPQ/360影视.json"    },    {      "key": "csp_xBPQ_LIBVIO",      "name": "LIBVIO",      "type": 3,      "api": "csp_XBPQ",      "searchable": 1,      "quickSearch": 1,      "filterable": 1,      "ext": "./XBPQ/LIBVIO.json"    },    {      "key": "csp_xBPQ_VOFLIX",      "name": "VOFLIX",      "type": 3,      "api": "csp_XBPQ",      "searchable": 1,      "quickSearch": 1,      "filterable": 1,      "ext": "./XBPQ/VOFLIX.json"    },    {      "key": "无名小站",      "name": "无名小站",      "type": 3,      "api": "csp_XBPQ",      "searchable": 1,      "quickSearch": 1,      "filterable": 1,      "ext": "./XBPQ/无名小站.json"    },    {      "key": "csp_xBPQ_素白白影视",      "name": "素白白影视",      "type": 3,      "api": "csp_XBPQ",      "searchable": 1,      "quickSearch": 1,      "filterable": 0,      "ext": "./XBPQ/素白白影视.json"    },    {      "key": "csp_xBPQ_神马影院",      "name": "神马影院",      "type": 3,      "api": "csp_XBPQ",      "searchable": 1,      "quickSearch": 1,      "filterable": 0,      "ext": "./XBPQ/神马影院.json"    },    {      "key": "csp_xBPQ_FreeOK",      "name": "FreeOK",      "type": 3,      "api": "csp_XBPQ",      "searchable": 1,      "quickSearch": 1,      "filterable": 0,      "ext": "./XBPQ/FreeOK.json"    },    {      "key": "csp_xBPQ_双十电影",      "name": "双十电影",      "type": 3,      "api": "csp_XBPQ",      "searchable": 1,      "quickSearch": 1,      "filterable": 0,      "ext": "./XBPQ/双十电影.json"    },    {      "key": "csp_xBPQ_热播库",      "name": "热播库",      "type": 3,      "api": "csp_XBPQ",      "searchable": 1,      "quickSearch": 1,      "filterable": 0,      "ext": "./XBPQ/热播库.json"    },    {      "key": "csp_xBPQ_555电影",      "name": "555电影",      "type": 3,      "api": "csp_XBPQ",      "searchable": 1,      "quickSearch": 1,      "filterable": 0,      "ext": "./XBPQ/555电影.json"    },    {      "key": "csp_xBPQ_HDIK",      "name": "HDIK",      "type": 3,      "api": "csp_XBPQ",      "searchable": 1,      "quickSearch": 1,      "filterable": 0,      "ext": "./XBPQ/HDIK.json"    },    {      "key": "csp_xBPQ_饭团影视",      "name": "饭团影视",      "type": 3,      "api": "csp_XBPQ",      "searchable": 1,      "quickSearch": 1,      "filterable": 0,      "ext": "./XBPQ/饭团影视.json"    },    {      "key": "csp_xBPQ_莫扎兔",      "name": "莫扎兔",      "type": 3,      "api": "csp_XBPQ",      "searchable": 1,      "quickSearch": 1,      "filterable": 0,      "ext": "./XBPQ/莫扎兔.json"    },    {      "key": "csp_xBPQ_胖虎影视",      "name": "胖虎影视",      "type": 3,      "api": "csp_XBPQ",      "searchable": 1,      "quickSearch": 1,      "filterable": 1,      "ext": "./XBPQ/胖虎影视.json"    },    {      "key": "csp_xBPQ_COKEMV",      "name": "COKEMV",      "type": 3,      "api": "csp_XBPQ",      "searchable": 1,      "quickSearch": 1,      "filterable": 0,      "ext": "./XBPQ/COKEMV.json"    },    {      "key": "csp_xBPQ_耐看点播",      "name": "耐看点播",      "type": 3,      "api": "csp_XBPQ",      "searchable": 1,      "quickSearch": 1,      "filterable": 1,      "ext": "./XBPQ/耐看点播.json"    },    {      "key": "csp_xBPQ_干饭影视",      "name": "干饭影视",      "type": 3,      "api": "csp_XBPQ",      "searchable": 1,      "quickSearch": 1,      "filterable": 0,      "ext": "./XBPQ/干饭影视.json"    },    {      "key": "csp_xBPQ_快看影视",      "name": "快看影视",      "type": 3,      "api": "csp_XBPQ",      "searchable": 1,      "quickSearch": 1,      "filterable": 0,      "ext": "./XBPQ/快看影视.json"    },    {      "key": "csp_xBPQ_爱看影视",      "name": "爱看影视",      "type": 3,      "api": "csp_XBPQ",      "searchable": 1,      "quickSearch": 1,      "filterable": 0,      "ext": "./XBPQ/爱看影视.json"    },    {      "key": "csp_xBPQ_乐猪TV",      "name": "乐猪TV",      "type": 3,      "api": "csp_XBPQ",      "searchable": 1,      "quickSearch": 1,      "filterable": 0,      "ext": "./XBPQ/乐猪TV.json"    },    {      "key": "csp_xBPQ_城市电影",      "name": "城市电影",      "type": 3,      "api": "csp_XBPQ",      "searchable": 1,      "quickSearch": 1,      "filterable": 0,      "ext": "./XBPQ/城市电影.json"    },    {      "key": "csp_xBPQ_农民影视",      "name": "农民影视",      "type": 3,      "api": "csp_XBPQ",      "searchable": 1,      "quickSearch": 1,      "filterable": 0,      "ext": "./XBPQ/农民影视.json"    },    {      "key": "csp_xBPQ_188影视",      "name": "188影视",      "type": 3,      "api": "csp_XBPQ",      "searchable": 1,      "quickSearch": 1,      "filterable": 0,      "ext": "./XBPQ/188影视.json"    },    {      "key": "csp_xBPQ_真不卡影院",      "name": "真不卡影院",      "type": 3,      "api": "csp_XBPQ",      "searchable": 1,      "quickSearch": 1,      "filterable": 0,      "ext": "./XBPQ/真不卡影院.json"    },    {      "key": "csp_xBPQ_凌云影视",      "name": "凌云影视",      "type": 3,      "api": "csp_XBPQ",      "searchable": 1,      "quickSearch": 1,      "filterable": 1,      "ext": "./XBPQ/凌云影视.json"    },    {      "key": "csp_xBPQ_落攻阁",      "name": "落攻阁",      "type": 3,      "api": "csp_XBPQ",      "searchable": 1,      "quickSearch": 1,      "filterable": 0,      "ext": "./XBPQ/落攻阁.json"    },    {      "key": "csp_xBPQ_吼吼",      "name": "吼吼",      "type": 3,      "api": "csp_XBPQ",      "searchable": 1,      "quickSearch": 1,      "filterable": 0,      "ext": "./XBPQ/吼吼.json"    },    {      "key": "csp_xBPQ_动漫巴士",      "name": "动漫巴士",      "type": 3,      "api": "csp_XBPQ",      "searchable": 1,      "quickSearch": 1,      "filterable": 0,      "ext": "./XBPQ/动漫巴士.json"    },    {      "key": "csp_xBPQ_看一看影视",      "name": "看一看影视",      "type": 3,      "api": "csp_XBPQ",      "searchable": 1,      "quickSearch": 1,      "filterable": 1,      "ext": "./XBPQ/看一看影视.json"    },    {      "key": "奇优影院",      "name": "奇优影院",      "type": 3,      "api": "csp_XBPQ",      "searchable": 1,      "quickSearch": 1,      "filterable": 0,      "ext": "./XBPQ/奇优影院.json"    },    {      "key": "布蕾影视",      "name": "布蕾影视",      "type": 3,      "api": "csp_XBPQ",      "searchable": 1,      "quickSearch": 1,      "filterable": 1,      "ext": "./XBPQ/布蕾影视.json"    },    {      "key": "哔哩兔",      "name": "哔哩兔",      "type": 3,      "api": "csp_XBPQ",      "searchable": 1,      "quickSearch": 1,      "filterable": 1,      "ext": "./XBPQ/哔哩兔.json"    },    {      "key": "csp_xBPQ_冷曦影视",      "name": "冷曦影视",      "type": 3,      "api": "csp_XBPQ",      "searchable": 1,      "quickSearch": 1,      "filterable": 0,      "ext": "./XBPQ/冷曦影视.json"    },    {      "key": "csp_xBPQ_创意影视",      "name": "创意影视",      "type": 3,      "api": "csp_XBPQ",      "searchable": 1,      "quickSearch": 1,      "filterable": 0,      "ext": "./XBPQ/创意影视.json"    },    {      "key": "csp_xBPQ_NikeTV",      "name": "NikeTV",      "type": 3,      "api": "csp_XBPQ",      "searchable": 1,      "quickSearch": 1,      "filterable": 0,      "ext": "./XBPQ/NikeTV.json"    },    {      "key": "csp_xBPQ_APP影院",      "name": "APP影院",      "type": 3,      "api": "csp_XBPQ",      "searchable": 1,      "quickSearch": 1,      "filterable": 0,      "ext": "./XBPQ/APP影院.json"    },    {      "key": "csp_xBPQ_喵喵电影",      "name": "喵喵电影",      "type": 3,      "api": "csp_XBPQ",      "searchable": 1,      "quickSearch": 1,      "filterable": 0,      "ext": "./XBPQ/喵喵电影.json"    },    {      "key": "csp_xBPQ_Auete",      "name": "Auete",      "type": 3,      "api": "csp_XBPQ",      "searchable": 1,      "quickSearch": 1,      "filterable": 0,      "ext": "./XBPQ/Auete.json"    },    {      "key": "csp_xBPQ_追剧啦",      "name": "追剧啦",      "type": 3,      "api": "csp_XBPQ",      "searchable": 1,      "quickSearch": 1,      "filterable": 0,      "ext": "./XBPQ/追剧啦.json"    },    {      "key": "霹雳影视",      "name": "霹雳影视",      "type": 3,      "api": "csp_XBPQ",      "searchable": 1,      "quickSearch": 1,      "filterable": 0,      "ext": "./XBPQ/霹雳影视.json"    },    {      "key": "万博剧院",      "name": "万博剧院",      "type": 3,      "api": "csp_XBPQ",      "searchable": 1,      "quickSearch": 1,      "filterable": 0,      "ext": "./XBPQ/万博剧院.json"    },    {      "key": "8K影视",      "name": "8K影视",      "type": 3,      "api": "csp_XBPQ",      "searchable": 1,      "quickSearch": 1,      "filterable": 0,      "ext": "./XBPQ/8K影视.json"    },    {      "key": "csp_xBPQ_短视频",      "name": "短视频",      "type": 3,      "api": "csp_XBPQ",      "searchable": 1,      "quickSearch": 1,      "filterable": 0,      "ext": "./XBPQ/短视频.json"    },    {      "key": "公告",      "name": "——————————",      "type": 3,      "api": "",      "searchable": 0,      "quickSearch": 0,      "filterable": 0    },    {      "key": "说明1",      "name": "菜妮丝",      "type": 3,      "api": "",      "searchable": 0,      "quickSearch": 0,      "filterable": 0    },    {      "key": "说明2",      "name": "https://cainisi.cf",      "type": 3,      "api": "",      "searchable": 0,      "quickSearch": 0,      "filterable": 0    },    {      "key": "说明3",      "name": "免费接口更新维护",      "type": 3,      "api": "",      "searchable": 0,      "quickSearch": 0,      "filterable": 0    },    {      "key": "说明4",      "name": "不要相信视频中的任何广告",      "type": 3,      "api": "",      "searchable": 0,      "quickSearch": 0,      "filterable": 0    },    {      "key": "local1",      "name": "本地化by小灰灰",      "type": 3,      "api": "",      "searchable": 0,      "quickSearch": 0,      "filterable": 0    },    {      "key": "local2",      "name": "Q频道搜:本地包",      "type": 3,      "api": "",      "searchable": 0,      "quickSearch": 0,      "filterable": 0    },    {      "key": "local3",      "name": "tg@TVBoxLocal",      "type": 3,      "api": "",      "searchable": 0,      "quickSearch": 0,      "filterable": 0    }  ],  "parses": [    {      "name": "Json轮询",      "type": 2,      "url": "Sequence"    },    {      "name": "Json并发",      "type": 2,      "url": "Parallel"    },    {      "name": "解析聚合",      "type": 3,      "url": "Demo"    },    {      "name": "瞄影嗅探",      "type": 0,      "url": "http://www.miaoys.cc/vip/?url="    },    {      "name": "星辰云解析",      "type": 1,      "url": "http://player.肥猫.love:9010/json?token=feimao&url=",      "ext": {        "flag": [          "qq",          "腾讯",          "企鹅",          "IQiYi",          "qiyi",          "爱奇艺",          "奇艺",          "youku",          "YouKu",          "优酷",          "sohu",          "SoHu",          "搜狐",          "letv",          "LeShi",          "乐视",          "imgo",          "mgtv",          "MangGuo",          "芒果",          "SLYS4k",          "BYGA",          "luanzi",          "AliS",          "dxzy",          "bilibili",          "QEYSS",          "xigua",          "西瓜视频",          "腾讯视频",          "奇艺视频",          "优酷视频",          "芒果视频",          "乐视视频"        ]      }    },    {      "name": "刚刚走过",      "type": 1,      "url": "http://jx.fuqizhishi.com:63/API.php?appkey=feimao&url=",      "ext": {        "flag": [          "qq",          "腾讯",          "企鹅",          "IQiYi",          "qiyi",          "爱奇艺",          "奇艺",          "youku",          "YouKu",          "优酷",          "sohu",          "SoHu",          "搜狐",          "letv",          "LeShi",          "乐视",          "imgo",          "mgtv",          "MangGuo",          "芒果",          "SLYS4k",          "BYGA",          "luanzi",          "AliS",          "dxzy",          "bilibili",          "QEYSS",          "xigua",          "西瓜视频",          "腾讯视频",          "奇艺视频",          "优酷视频",          "芒果视频",          "乐视视频"        ]      }    },    {      "name": "左岸急速",      "type": 1,      "url": "http://59.110.212.57:9931/zuoan/?url=",      "ext": {        "flag": [          "qq",          "腾讯",          "qiyi",          "iqiyi",          "爱奇艺",          "奇艺",          "youku",          "优酷",          "mgtv",          "芒果",          "letv",          "乐视",          "pptv",          "PPTV",          "sohu",          "bilibili",          "哔哩哔哩",          "哔哩"        ]      }    },    {      "name": "keyu",      "type": 1,      "url": "http://newjiexi.gotka.top/keyu3.php?url=",      "ext": {        "flag": [          "qq",          "腾讯",          "qiyi",          "爱奇艺",          "奇艺",          "youku",          "优酷",          "mgtv",          "芒果",          "letv",          "乐视",          "pptv",          "PPTV",          "sohu",          "bilibili",          "哔哩哔哩",          "哔哩"        ],        "header": {          "User-Agent": "okhttp/4.1.0"        }      }    }  ],  "flags": [    "m1905",    "douyin",    "cntv",    "imgo",    "youku",    "qq",    "leshi",    "qiyi",    "xigua",    "iqiyi",    "letv",    "sohu",    "tudou",    "pptv",    "mgtv",    "wasu"  ],  "ijk": [    {      "group": "软解码",      "options": [        {          "category": 4,          "name": "opensles",          "value": "0"        },        {          "category": 4,          "name": "overlay-format",          "value": "842225234"        },        {          "category": 4,          "name": "framedrop",          "value": "1"        },        {          "category": 4,          "name": "soundtouch",          "value": "1"        },        {          "category": 4,          "name": "start-on-prepared",          "value": "1"        },        {          "category": 1,          "name": "http-detect-range-support",          "value": "0"        },        {          "category": 1,          "name": "fflags",          "value": "fastseek"        },        {          "category": 2,          "name": "skip_loop_filter",          "value": "48"        },        {          "category": 4,          "name": "reconnect",          "value": "1"        },        {          "category": 4,          "name": "enable-accurate-seek",          "value": "0"        },        {          "category": 4,          "name": "mediacodec",          "value": "0"        },        {          "category": 4,          "name": "mediacodec-auto-rotate",          "value": "0"        },        {          "category": 4,          "name": "mediacodec-handle-resolution-change",          "value": "0"        },        {          "category": 4,          "name": "mediacodec-hevc",          "value": "0"        },        {          "category": 1,          "name": "dns_cache_timeout",          "value": "600000000"        }      ]    },    {      "group": "硬解码",      "options": [        {          "category": 4,          "name": "opensles",          "value": "0"        },        {          "category": 4,          "name": "overlay-format",          "value": "842225234"        },        {          "category": 4,          "name": "framedrop",          "value": "1"        },        {          "category": 4,          "name": "soundtouch",          "value": "1"        },        {          "category": 4,          "name": "start-on-prepared",          "value": "1"        },        {          "category": 1,          "name": "http-detect-range-support",          "value": "0"        },        {          "category": 1,          "name": "fflags",          "value": "fastseek"        },        {          "category": 2,          "name": "skip_loop_filter",          "value": "48"        },        {          "category": 4,          "name": "reconnect",          "value": "1"        },        {          "category": 4,          "name": "enable-accurate-seek",          "value": "0"        },        {          "category": 4,          "name": "mediacodec",          "value": "1"        },        {          "category": 4,          "name": "mediacodec-auto-rotate",          "value": "1"        },        {          "category": 4,          "name": "mediacodec-handle-resolution-change",          "value": "1"        },        {          "category": 4,          "name": "mediacodec-hevc",          "value": "1"        },        {          "category": 1,          "name": "dns_cache_timeout",          "value": "600000000"        }      ]    }  ],  "ads": [    "mimg.0c1q0l.cn",    "www.googletagmanager.com",    "www.google-analytics.com",    "mc.usihnbcq.cn",    "mg.g1mm3d.cn",    "mscs.svaeuzh.cn",    "cnzz.hhttm.top",    "tp.vinuxhome.com",    "cnzz.mmstat.com",    "www.baihuillq.com",    "s23.cnzz.com",    "z3.cnzz.com",    "c.cnzz.com",    "stj.v1vo.top",    "z12.cnzz.com",    "img.mosflower.cn",    "tips.gamevvip.com",    "ehwe.yhdtns.com",    "xdn.cqqc3.com",    "www.jixunkyy.cn",    "sp.chemacid.cn",    "hm.baidu.com",    "s9.cnzz.com",    "z6.cnzz.com",    "um.cavuc.com",    "mav.mavuz.com",    "wofwk.aoidf3.com",    "z5.cnzz.com",    "xc.hubeijieshikj.cn",    "tj.tianwenhu.com",    "xg.gars57.cn",    "k.jinxiuzhilv.com",    "cdn.bootcss.com",    "ppl.xunzhuo123.com",    "xomk.jiangjunmh.top",    "img.xunzhuo123.com",    "z1.cnzz.com",    "s13.cnzz.com",    "xg.huataisangao.cn",    "z7.cnzz.com",    "xg.huataisangao.cn",    "z2.cnzz.com",    "s96.cnzz.com",    "q11.cnzz.com",    "thy.dacedsfa.cn",    "xg.whsbpw.cn",    "s19.cnzz.com",    "z8.cnzz.com",    "s4.cnzz.com",    "f5w.as12df.top",    "ae01.alicdn.com",    "www.92424.cn",    "k.wudejia.com",    "vivovip.mmszxc.top",    "qiu.xixiqiu.com",    "cdnjs.hnfenxun.com",    "cms.qdwght.com"  ]}