{"sites":[{"key":"douban","name":"🐼豆瓣荐片┃t4首页","type":4,"api":"http://t4.ganggang.live:3812/vod","searchable":0,"quickSearch":0,"filterable":0},{"key":"dr_豆瓣","name":"🐼豆瓣热播┃dr首页","type":4,"api":"http://drpy.ganggang.live:5705/vod?rule=drpy","searchable":0,"quickSearch":0,"filterable":0},{"key":"csp_BBB","name":"🅱哔哩┃合集","type":3,"api":"csp_Bili","searchable":1,"quickSearch":0,"filterable":1,"ext":"./json/bili.json"},{"key":"csp_Bili","name":"🅱哔哩┃合集2","type":3,"api":"csp_Bili","searchable":1,"quickSearch":0,"filterable":1,"ext":"./json/bilibili_2.json"},{"key":"csp_Kunyu77","name":"🏳️‍🌈七七丨影视","type":3,"api":"csp_Kunyu77","searchable":1,"quickSearch":1,"filterable":1},{"key":"Kuaikan","name":"👀快看丨影视","type":3,"api":"csp_Kuaikan","searchable":1,"quickSearch":1,"filterable":1},{"key":"AppTT","name":"🐰图图丨影视","type":3,"api":"csp_Dora","jar":"./jars/AppTT.jar","ext":"110c922de7d69804467fb83d3bb664b5"},{"key":"Czsapp","name":"🏭厂长丨影视","type":"3","api":"csp_Dora","searchable":"1","quickSearch":"1","filterable":"1","ext":"8ee655f702d0d21f3643504783babbc3","jar":"./jars/Czsapp.jar"},{"key":"csp_Lib","name":" 🏭Libvio丨影视","type":3,"api":"csp_Lib","searchable":1,"playerType":2,"quickSearch":1,"filterable":0},{"key":"Lezhu","name":"🐷乐猪丨影视","api":"csp_Lezhu","type":3,"filterable":1,"quickSearch":1,"searchable":1},{"key":"csp_apple","name":"🍎苹果丨影视","type":3,"api":"csp_LiteApple","playerType":1,"searchable":1,"quickSearch":1,"filterable":1},{"key":"csp_Smdyy","name":"🐴神马丨影视","type":3,"api":"csp_Smdyy","searchable":1,"quickSearch":1,"filterable":1},{"key":"csp_Lgyy","name":"🌀蓝光丨影视","type":3,"api":"csp_Lgyy","searchable":1,"quickSearch":1,"filterable":1},{"key":"csp_fant","name":"🍙饭团丨影视","api":"csp_Fantuan","type":3,"filterable":1,"quickSearch":1,"searchable":1},{"key":"csp_Dy1010","name":"❤️双十┃影视","type":3,"api":"csp_Dy1010","searchable":1,"quickSearch":1,"filterable":1},{"key":"小熊","name":"🐨小熊┃影视","type":3,"api":"csp_Xxys","searchable":1,"quickSearch":1,"filterable":1},{"key":"csp_xBPQ_诺讯影视","name":"️🦐诺讯┃xBPQ","type":3,"api":"csp_xBPQ","searchable":1,"quickSearch":1,"filterable":0,"ext":"./json/诺讯影视(xBPQ).json"},{"key":"csp_xBPQ_云播影视","name":"️🏖云播┃xBPQ","type":3,"api":"csp_xBPQ","searchable":1,"quickSearch":1,"filterable":0,"ext":"./json/TVB云播(xBPQ).json"},{"key":"csp_555","name":"5️⃣️555┃xBPQ","type":3,"api":"csp_xBPQ","searchable":1,"quickSearch":1,"filterable":0,"ext":"./json/555.json"},{"key":"csp_Nkdy","name":"🗽南柯┃SP","type":3,"api":"csp_Nkdy","searchable":1,"quickSearch":1,"filterable":1},{"key":"csp_Auete","name":"🏝Aue┃SP","type":3,"api":"csp_Auete","searchable":1,"quickSearch":1,"filterable":1},{"key":"csp_Mjxq","name":"🌏美剧星球┃SP","type":3,"api":"csp_Mjxq","searchable":1,"quickSearch":1,"filterable":1},{"key":"csp_DiDuan","name":"⏮️低端┃SP","type":3,"api":"csp_Ddrk","click":"ddys.tv;#vjsp > button","searchable":1,"quickSearch":1,"filterable":0},{"key":"ai","name":"🐨小奇┃官源","type":3,"api":"csp_IQIYI","quickSearch":1,"searchable":1,"filterable":1},{"key":"teng","name":"🐧小腾┃官源","type":3,"api":"csp_QQ","searchable":1,"quickSearch":1,"filterable":1},{"key":"csp_SP360","name":"📺小3┃官源","type":3,"api":"csp_SP360","searchable":1,"quickSearch":1,"filterable":1},{"key":"MGT","name":"🍋小芒┃官源","type":3,"api":"csp_Mgtv","searchable":1,"quickSearch":1,"filterable":1},{"key":"csp_Anfuns","name":"🎀Anfuns┃SP","type":3,"api":"csp_Anfuns","searchable":1,"quickSearch":1,"filterable":1},{"key":"csp_biubiu_影视工厂","name":"🎥影视工厂┃XB","type":3,"api":"csp_XBiubiu","searchable":1,"quickSearch":1,"filterable":0,"ext":"./json/ysgc2.json"},{"key":"csp_biubiu_鸭奈飞","name":"🦆鸭奈飞┃XB","type":3,"api":"csp_XBiubiu","searchable":1,"quickSearch":1,"ext":"./json/naifei.json"},{"key":"csp_biubiu_voflix","name":"🌀voflix┃XB","type":3,"api":"csp_XBiubiu","searchable":1,"quickSearch":1,"filterable":1,"ext":"./json/voflix.json"},{"key":"csp_XBiu口袋影院","name":"📩口袋┃XB","type":3,"api":"csp_XBiu","ext":{"homeUrl":"http://www.koudaitv.com/type/{cateId}-{catePg}.html","playlist":{"sort":1}}},{"key":"csp_XBiu胖虎影视","name":"🐯胖虎┃XB","type":3,"api":"csp_XBiu","ext":"http://panghuys.com/vodshow/{cateId}/page/{catePg}.html"},{"key":"csp_XBiu233动漫","name":"🦁动漫┃XB","type":3,"api":"csp_XBiu","ext":"https://www.233dm.cc/show/{cateId}--------{catePg}---.html"},{"key":"csp_XBiuCOKEMV","name":"🍬COKE┃XB","type":3,"api":"csp_XBiu","ext":"https://cokemv.me/vodshow/{cateId}--------{catePg}---.html"},{"key":"csp_trj","name":"🛫唐人街┃墙外","type":3,"api":"csp_Tangrenjie","searchable":1,"quickSearch":1,"filterable":1},{"key":"csp_If101","name":"🛫If101┃墙外","type":3,"api":"csp_If101","searchable":1,"quickSearch":1,"filterable":1},{"key":"csp_Xiaoh","name":"🛫小 宝┃墙外","type":3,"api":"csp_Xiaoh","searchable":1,"quickSearch":1,"filterable":1},{"key":"哔滴影视","name":"哔滴影视┃爬虫","type":3,"api":"csp_Bdys01","searchable":1,"quickSearch":1,"filterable":1},{"key":"Bttoo","name":"Bttoo┃爬虫","api":"csp_Bttoo","type":3,"filterable":1,"quickSearch":1,"searchable":1},{"key":"农民","name":"农民┃爬虫","type":3,"api":"csp_Nmys","searchable":1,"quickSearch":1,"filterable":1,"ext":"./json/jwkui9su.json"},{"key":"Zjdr","name":"追剧达人┃爬虫","type":3,"api":"csp_Zjdr","searchable":1,"quickSearch":1,"filterable":1},{"key":"Auete","name":"Auete┃爬虫","type":3,"api":"csp_Auete","searchable":1,"quickSearch":1,"filterable":1},{"key":"在线之家","name":"在线之家┃爬虫","type":3,"api":"csp_Zxzj","searchable":1,"quickSearch":1,"filterable":1},{"key":"Dm84","name":"动漫巴士┃爬虫","type":3,"api":"csp_Dm84","searchable":1,"quickSearch":1,"filterable":1},{"key":"Anime1","name":"Anime1┃爬虫","type":3,"api":"csp_Anime1","searchable":1,"quickSearch":1,"filterable":1},{"key":"csp_GitCafe","name":"📜纸条┃云盘","type":3,"api":"csp_Gitcafe","playerType":1,"searchable":1,"quickSearch":1,"filterable":1,"ext":"http://我不是.肥猫.love:63/token.php","jar":"./jars/csp_GitCafe.jar"},{"key":"csp_GitCafe2","name":"📜纸条┃云盘2","type":3,"api":"csp_Gitcafe","searchable":1,"quickSearch":1,"filterable":1,"ext":"./txt/token.txt","jar":"./jars/csp_GitCafe2.jar"},{"key":"csp_Alist1","name":"🅿Alist┃网盘","type":3,"api":"csp_Alist","searchable":0,"quickSearch":0,"filterable":0,"ext":"http://52bsj.vip:81/api/v3/file/get/61730/alist_4.json?sign=kXqVyfQzRnYJcFB5nri3SEHAiMsJRxoh14dS7-XeuzI%3D%3A0"},{"key":"drpy_js_Alist","name":"🅿Alist┃网盘2","type":3,"api":"./alist.min.js","ext":"./json/alist.json"},{"key":"Yisou","name":"易搜┃(仅搜索)","type":3,"api":"csp_Yisou","playerType":1,"searchable":1,"quickSearch":1,"filterable":0,"ext":"http://我不是.肥猫.love:63/token.php"},{"key":"Zhaozy","name":"找资源┃(仅搜索)","type":3,"api":"csp_Zhaozy","playerType":1,"searchable":1,"quickSearch":1,"filterable":0,"ext":"http://我不是.肥猫.love:63/token.php"},{"key":"Upyunso","name":"云搜┃(仅搜索)","type":3,"api":"csp_Upyunso","playerType":1,"searchable":1,"quickSearch":1,"filterable":0,"ext":"http://我不是.肥猫.love:63/token.php"},{"key":"Alips","name":"盘搜索┃(仅搜索)","type":3,"api":"csp_AliPS","playerType":1,"searchable":1,"quickSearch":1,"filterable":0,"ext":"http://我不是.肥猫.love:63/token.php"},{"key":"csp_XYQ_lu1","name":"️🖥️电视直播","type":3,"api":"csp_XYQHiker","searchable":1,"quickSearch":1,"filterable":0,"ext":"./json/ningmeng.json"},{"key":" 在线┃直播","name":"📹在线直播┃爬虫","type":3,"api":"csp_Yj1211","searchable":1,"quickSearch":1,"filterable":1},{"key":"csp_XYQBiu_虎牙直播","name":"🐯虎牙┃直播","type":3,"api":"XYQBiu","searchable":0,"quickSearch":0,"filterable":0,"ext":"http://52bsj.vip:81/api/v3/file/get/61538/%E8%99%8E%E7%89%99%E7%9B%B4%E6%92%AD.json?sign=A1qc233LiJtbdsY0cKQrmfOMhs74vpGD003UUVRYljM%3D%3A0"},{"key":"csp_XYQBiu_斗鱼","name":"🐟斗鱼┃直播","type":3,"api":"csp_XYQBiu","searchable":0,"quickSearch":0,"filterable":0,"ext":"http://52bsj.vip:81/api/v3/file/get/61539/%E6%96%97%E9%B1%BC%E7%9B%B4%E6%92%AD.json?sign=QstVfVPDwiqEABPoyKrhYV4WfMeyACXtB5TWIDPMHyE%3D%3A0"},{"key":"csp_xBPQ_抓饭体育","name":"️🤾‍♀🤾🏾抓饭┃体育","type":3,"api":"csp_xBPQ","searchable":1,"quickSearch":1,"filterable":0,"ext":"{\"分类url\":\"https://www.zhuafan.tech/sports-home/category/{cateId}\",\"分类\":\"全部$/all#足球$Football#篮球$Basketball#羽乒$Badminton#台球$Billiards#棒球$Baseball#户外$Outdoors#搏击$Wrestling#综合$Others#棋盘$Boardgame#电竞$Popular#网球$Tennis#排球$Volleyball#聊天$Chat#原声$Acoustic\",\"热门推荐\":\"1\",\"起始页\":\"1\",\"直接播放\":\"1\",\"数组\":\"{&&}\",\"图片\":\"imageUrl\\\":\\\"&&\\\"\",\"标题\":\"cname\\\":\\\"&&\\\"\",\"链接\":\"id\\\":\\\"&&\\\"\",\"链接前缀\":\"https://www.zhuafan.tech/\"}"},{"key":"csp_XPath_鹅直播","name":"🐧企鹅┃直播","type":3,"api":"csp_XPath3","searchable":0,"quickSearch":0,"filterable":0,"ext":"http://52bsj.vip:81/api/v3/file/get/61536/%E4%BC%81%E9%B9%85%E7%9B%B4%E6%92%AD_3.json?sign=jlYs5jta53LEO25B1zw-otMuClE9Cdgk1i1-6HWsc5g%3D%3A0"},{"key":"csp_XYQBiu_17看球","name":" ⚽17┃看球","type":3,"api":"csp_XYQBiu","searchable":0,"quickSearch":0,"filterable":0,"ext":"http://52bsj.vip:81/api/v3/file/get/60889/17%E7%9C%8B%E7%90%83.json?sign=YyHOQiZ99Vuod4F5E1vNO9X4z8VGPl-jxv4TikL8WaU%3D%3A0"},{"key":"YQK_spider","name":"一起看┃TV","api":"csp_YQKAPP","type":3,"filterable":1,"playerType":2,"quickSearch":1,"searchable":1,"ext":"https://api-tx.shumaxc.xyz","jar":"./jars/YQK_spider.jar"},{"key":"dr_88看球","name":"🏀88┃看球","type":3,"api":"./drpy.min.js","searchable":0,"quickSearch":0,"filterable":0,"ext":"./js/88看球.js"},{"key":"JRS看球网","name":"🏀JRS┃看球","type":3,"api":"csp_XPath","searchable":0,"quickSearch":0,"filterable":0,"ext":"./json/JRS看球网.json"},{"key":"csp_XYQBiu_聚合短视频","name":"📽️短视频┃聚合","type":3,"api":"csp_XYQBiu","searchable":0,"quickSearch":0,"filterable":0,"ext":"http://52bsj.vip:81/api/v3/file/get/61576/%E5%88%86%E4%BA%AB%E7%9F%AD%E8%A7%86%E9%A2%91.json?sign=_4eGXzEgn-jwg69sp0jcc4W8Ze2psCeMUZafTfXQ8g8%3D%3A0"},{"key":"drpy_js_有声小说吧","name":"有声小说┃JS","type":3,"api":"./drpy.min.js","ext":"./js/有声小说吧.js","jar":"./jars/drpy_js_有声小说吧.jar"},{"key":"drpy_js_蜻蜓FM","name":"蜻蜓FM┃JS","type":3,"api":"./drpy.min.js","ext":"./js/蜻蜓FM.js","jar":"./jars/drpy_js_有声小说吧.jar"},{"key":"儿童","name":"少儿┃教育","type":3,"api":"csp_Bili","searchable":1,"quickSearch":1,"filterable":1,"ext":"http://52bsj.vip:81/api/v3/file/get/61578/%E5%B0%91%E5%84%BF%E6%95%99%E8%82%B2.json?sign=3BlFTWj-rXJPPgJB6eQ1_C0odRnDCaW28cr8afXaO_I%3D%3A0"},{"key":"小学","name":"小学┃课堂","type":3,"api":"csp_Bili","searchable":1,"quickSearch":1,"filterable":1,"ext":"http://52bsj.vip:81/api/v3/file/get/61579/%E5%B0%8F%E5%AD%A6%E8%AF%BE%E5%A0%82.json?sign=Oqbf9547dxbhVTf07kdHsuNZgzIWH2UT9uY7zRbTA5M%3D%3A0"},{"key":"初中","name":"初中┃课堂","type":3,"api":"csp_Bili","searchable":1,"quickSearch":1,"filterable":1,"ext":"http://52bsj.vip:81/api/v3/file/get/61581/%E5%88%9D%E4%B8%AD%E8%AF%BE%E5%A0%82.json?sign=7Jxqd0BzuIm-2OvXZyoRasDb1P3OojENYkxLf6bhLr0%3D%3A0"},{"key":"高中","name":"高中┃课堂","type":3,"api":"csp_Bili","searchable":1,"quickSearch":1,"filterable":1,"ext":"http://52bsj.vip:81/api/v3/file/get/61580/%E9%AB%98%E4%B8%AD%E8%AF%BE%E5%A0%82.json?sign=ESNTJf_EMO0ch_J5j-kV35jFLeg1GvG4VJjUqW2DJCc%3D%3A0"},{"key":"push_agent","name":"手机推送┃云盘|磁力","type":3,"api":"csp_PushAgent","playerType":1,"searchable":0,"quickSearch":0,"filterable":0,"ext":"http://我不是.肥猫.love:63/token.php"}],"lives":[{"name":"redirect","type":0,"url":"./lives.txt","epg":""}],"parses":[{"name":"Json并发","type":2,"url":"Parallel"},{"name":"Json轮询","type":2,"url":"Sequence"},{"name":"解析聚合","type":3,"url":"Demo"},{"name":"Q1解析","type":1,"url":"https://parse.ikunfk.cc/parse/sign/812a0f3b8a7ae9dbf90f3d7fac9c8cbc?url=","header":{"User-Agent":"Mozilla/5.0"}},{"name":"刚刚走过","type":1,"url":"http://jx.fuqizhishi.com:63/API.php?appkey=feimao&url="},{"name":"懒懒1","type":1,"url":"http://123.57.56.94:9931/lanlan/?url="},{"name":"懒懒2","type":1,"url":"http://lanlan.ckflv.cn/?url=","ext":{"flag":["qiyi","qq","letv","sohu","youku","mgtv","bilibili","wasu","xigua","1905"]}},{"name":"keyu","type":1,"url":"http://newjiexi.gotka.top/keyu3.php?url=","ext":{"flag":["qq","腾讯","qiyi","爱奇艺","奇艺","youku","优酷","mgtv","芒果","letv","乐视","pptv","PPTV","sohu","bilibili","哔哩哔哩","哔哩"],"header":{"User-Agent":"okhttp/4.1.0"}}},{"name":"刘兵解析","type":1,"url":"http://newjiexi.gotka.top/keyu3.php?url=","ext":{"header":{"User-Agent":"okhttp/4.1.0"}}},{"name":"bozrc","type":0,"url":"https://jx.bozrc.com:4433/player/?url=","ext":{"flag":["qq","腾讯","qiyi","爱奇艺","奇艺","youku","优酷","mgtv","芒果","letv","leshi","LS","pptv","PPTV","sohu","bilibili","哔哩哔哩","哔哩"],"header":{"User-Agent":""}}},{"name":"肥猫解析1","type":1,"url":"http://rxjx.kuanjv.com/allm3u8.php?url="},{"name":"肥猫解析2","type":1,"url":"http://jx.mfjx.tk/?url="},{"name":"juhe","type":1,"url":"https://play.fuqizhishi.com/juhe/api.php?appkey=caijijuhe220902&url="},{"name":"okjx","type":0,"url":"https://okjx.cc/?url="}],"flags":["youku","qq","QQ","iqiyi","qiyi","letv","sohu","tudou","pptv","PPTV","mgtv","ltnb","rx","CL4K","xfyun","wuduzy","wasu","bilibili","renrenmi","xmm","xigua","m1905","funshion","优酷","芒果","腾讯","爱奇艺","奇艺","哔哩哔哩","哔哩","ltnb","rx","CL4K","xfyun","wuduzy"],"ijk":[{"group":"软解码","options":[{"category":4,"name":"opensles","value":"0"},{"category":4,"name":"overlay-format","value":"842225234"},{"category":4,"name":"framedrop","value":"1"},{"category":4,"name":"soundtouch","value":"1"},{"category":4,"name":"start-on-prepared","value":"1"},{"category":1,"name":"http-detect-range-support","value":"0"},{"category":1,"name":"fflags","value":"fastseek"},{"category":2,"name":"skip_loop_filter","value":"48"},{"category":4,"name":"reconnect","value":"1"},{"category":4,"name":"enable-accurate-seek","value":"0"},{"category":4,"name":"mediacodec","value":"0"},{"category":4,"name":"mediacodec-auto-rotate","value":"0"},{"category":4,"name":"mediacodec-handle-resolution-change","value":"0"},{"category":4,"name":"mediacodec-hevc","value":"0"},{"category":1,"name":"dns_cache_timeout","value":"600000000"}]},{"group":"硬解码","options":[{"category":4,"name":"opensles","value":"0"},{"category":4,"name":"overlay-format","value":"842225234"},{"category":4,"name":"framedrop","value":"1"},{"category":4,"name":"soundtouch","value":"1"},{"category":4,"name":"start-on-prepared","value":"1"},{"category":1,"name":"http-detect-range-support","value":"0"},{"category":1,"name":"fflags","value":"fastseek"},{"category":2,"name":"skip_loop_filter","value":"48"},{"category":4,"name":"reconnect","value":"1"},{"category":4,"name":"enable-accurate-seek","value":"0"},{"category":4,"name":"mediacodec","value":"1"},{"category":4,"name":"mediacodec-auto-rotate","value":"1"},{"category":4,"name":"mediacodec-handle-resolution-change","value":"1"},{"category":4,"name":"mediacodec-hevc","value":"1"},{"category":1,"name":"dns_cache_timeout","value":"600000000"}]}],"ads":["https://lf1-cdn-tos.bytegoofy.com/obj/tos-cn-i-dy/455ccf9e8ae744378118e4bd289288dd","mimg.0c1q0l.cn","www.googletagmanager.com","www.google-analytics.com","mc.usihnbcq.cn","mg.g1mm3d.cn","mscs.svaeuzh.cn","cnzz.hhttm.top","tp.vinuxhome.com","cnzz.mmstat.com","www.baihuillq.com","s23.cnzz.com","z3.cnzz.com","c.cnzz.com","stj.v1vo.top","z12.cnzz.com","img.mosflower.cn","tips.gamevvip.com","ehwe.yhdtns.com","xdn.cqqc3.com","www.jixunkyy.cn","sp.chemacid.cn","hm.baidu.com","s9.cnzz.com","z6.cnzz.com","um.cavuc.com","mav.mavuz.com","wofwk.aoidf3.com","z5.cnzz.com","xc.hubeijieshikj.cn","tj.tianwenhu.com","xg.gars57.cn","k.jinxiuzhilv.com","cdn.bootcss.com","ppl.xunzhuo123.com","xomk.jiangjunmh.top","img.xunzhuo123.com","z1.cnzz.com","s13.cnzz.com","xg.huataisangao.cn","z7.cnzz.com","xg.huataisangao.cn","z2.cnzz.com","s96.cnzz.com","q11.cnzz.com","thy.dacedsfa.cn","xg.whsbpw.cn","s19.cnzz.com","z8.cnzz.com","s4.cnzz.com","f5w.as12df.top","ae01.alicdn.com","www.92424.cn","k.wudejia.com","vivovip.mmszxc.top","qiu.xixiqiu.com","cdnjs.hnfenxun.com","cms.qdwght.com"],"wallpaper":"https://tool.weetai.cn/api","spider":"./spider.jar"}