{
    "规则名": "4K极客",
    "规则作者": "",
    "请求头参数": "User-Agent$PC_UA#Referer$WebView",
    "网页编码格式": "UTF-8",
    "图片是否需要代理": "0",
    "是否开启获取首页数据": "0",
    "首页推荐链接": "https://www.jiketv.com",
    "首页列表数组规则": "body&&.module-main.tab-list.active,0:2:||1:3:",
    "首页片单列表数组规则": ".module-item",
    "首页片单是否Jsoup写法": "1",
    "分类起始页码": "1",
    "分类链接": "https://www.jiketv.com/show/{cateId}/page/{catePg}.html",    
    "分类名称": "电影&电视剧&综艺&动漫&",
    "分类名称替换词": "1&2&3&4&",
    "筛选数据": "ext",
    //{cateId}
    "筛选子分类名称": "",
    "筛选子分类替换词": "*",
    //{class}
    "筛选类型名称": "动作&科幻&喜剧&爱情&犯罪&灾难&枪战&惊悚&恐怖&冒险&悬疑&武侠&战争&奇幻&警匪&魔幻&剧情||古装&都市&青春&偶像&爱情&言情&喜剧&家庭&警匪&军事&武侠&悬疑&历史&农村&神话&科幻&少儿&搞笑&谍战&战争&年代&犯罪&恐怖&惊悚&剧情&奇幻||剧场版&漫改&奇幻&动作&热血&科幻&动画&搞笑&同性&冒险&校园&机战&运动&战争&少年&推理&少女&社会&原创&亲子&益智&励志&泡面&其他||真人秀&访谈&情感&选秀&旅游&美食&口秀&曲艺&搞笑&游戏&歌舞&生活&音乐&时尚&益智&职场&少儿&纪实&盛会||网红&最新&热门",
    "筛选类型替换词": "*",
    //{area}
    "筛选地区名称": "大陆&日韩&欧美&港台&泰国&印度&其它||大陆&日韩&欧美&港台&泰国&印度&其它||大陆&日本&美国&其它||大陆&日韩&欧美&港台&泰国&印度&其它||大陆&日韩&欧美&港台&泰国&印度&其它",
    "筛选地区替换词": "*",
    //{year}
    "筛选年份名称": "2022&2021&2020&2019&2018&2017&2016&2015&2014&2013&2012&2011&2010&2009&2008&2007&2006&2005&2004||2022&2021&2020&2019&2018&2017&2016&2015&2014&2013&2012&2011&2010&2009&2008&2007&2006&2005&2004||2022&2021&2020&2019&2018&2017&2016&2015&2014&2013&2012&2011&2010&2009&2008&2007&2006&2005&2004||2022&2021&2020&2019&2018&2017&2016&2015&2014&2013&2012&2011&2010&2009&2008&2007&2006&2005&2004||2022&2021&2020&2019&2018&2017&2016&2015&2014&2013&2012&2011&2010&2009&2008&2007&2006&2005&2004",
    "筛选年份替换词": "*",
    //{lang}
    "筛选语言名称": "国语&英语&粤语&闽南语&韩语&日语&其它||国语&英语&粤语&闽南语&韩语&日语&其它||国语&英语&粤语&闽南语&韩语&日语&其它||国语&英语&粤语&闽南语&韩语&日语&其它||",
    "筛选语言替换词": "*",
    //{by}
    "筛选排序名称": "时间排序&人气排序&评分排序",
    "筛选排序替换词": "time&hits&score",
    "分类截取模式": "1",
    "分类列表数组规则": "body&&.module-item",
    "分类片单是否Jsoup写法": "1",
    "分类片单标题": "a&&title",
    "分类片单链接": "a&&href",
    "分类片单图片": ".lazyload&&data-original",
    "分类片单副标题": ".module-item-note&&Text",
    "分类片单链接加前缀": "https://www.jiketv.com",
    "分类片单链接加后缀": "",
    "搜索请求头参数": "User-Agent$PC_UA",
    "搜索链接": "https://www.jiketv.com/search/page/{catePg}/wd/{wd}.html",
    "POST请求数据": "",
    "搜索截取模式": "1",
    "搜索列表数组规则": ".module-items&&.module-item",
    "搜索片单是否Jsoup写法": "1",
    "搜索片单图片": ".lazyload&&data-original",
    "搜索片单标题": ".module-card-item-title&&Text",
    "搜索片单链接": "a&&href",
    "搜索片单副标题": ".module-item-note&&Text",
    "搜索片单链接加前缀": "https://www.jiketv.com",
    "搜索片单链接加后缀": "",
    "链接是否直接播放": "0",
    "直接播放链接加前缀": "https://www.jiketv.com",
    "直接播放链接加后缀": "#isVideo=true#",
    "直接播放直链视频请求头": "",
    "详情是否Jsoup写法": "1",
    "类型详情": ".module-info-tag-link,2&&Text",
    "年代详情": ".module-info-tag-link,0&&Text",
    "地区详情": ".module-info-tag-link,1&&Text",
    "演员详情": ".module-info-item,2||,3&&.module-info-item-content&&Text",
    "简介详情": ".module-info-introduction-content,0&&p,0&&Text",
    "线路列表数组规则": "#y-playList&&.module-tab-item",
    "线路标题": "span,0&&Text",
    "播放列表数组规则": "body&&.module-play-list-content",
    "选集列表数组规则": "a",
    "选集标题链接是否Jsoup写法": "1",
    "选集标题": "a&&Text",
    "选集链接": "a&&href",
    "是否反转选集序列": "0",
    "选集链接加前缀": "https://www.jiketv.com",
    "选集链接加后缀": "",
    "分析MacPlayer": "1",
    "是否开启手动嗅探": "0",
    "手动嗅探视频链接关键词": ".mp4#.m3u8#.flv",
    "手动嗅探视频链接过滤词": ".html#=http"
}