{
    "规则名": "野马影视",
    "规则作者": "xx",
    "请求头参数": "电脑",
    "网页编码格式": "UTF-8",
    "图片是否需要代理": "0",
    "是否开启获取首页数据": "1",
    "首页推荐链接": "http://v.yemays.tk",
    "首页列表数组规则": "body&&.myui-vodlist",
    "首页片单列表数组规则": "li",
    "首页片单是否Jsoup写法": "1",
    "分类起始页码": "1",
    "分类链接": "http://v.yemays.tk/vodshow/{cateId}-{area}-{by}-{class}-----{catePg}---{year}.htmll",
    "分类名称": "电影&电视剧&综艺&动漫",
    "分类名称替换词": "1&2&3&4",
    "筛选数据": "ext",
	"筛选子分类名称": "动作片&爱情片&科幻片&恐怖片&战争片&喜剧片&剧情片||港台剧&欧美剧&韩剧",
	"筛选子分类替换词": "6&7&8&9&10&11&12||14&15&16",
	"筛选类型名称": "动作&喜剧&爱情&科幻&剧情&悬疑&惊悚&恐怖&犯罪&谍战&冒险&奇幻&灾难&战争&动画&歌舞&历史&传记&其他||武侠&喜剧&爱情&剧情&青春&悬疑&科幻&军事&警匪&谍战&奇幻&偶像&年代&乡村&都市&家庭&古装&历史&神话&其他||脱口秀&真人秀&搞笑&访谈&生活&晚会&美食&游戏&亲子&旅游&文化&体育&时尚&纪实&益智&演艺&歌舞&播报&音乐&其他||热血&格斗&恋爱&少女&校园&搞笑&神魔&机战&科幻&真人&青春&魔法&神话&冒险&运动&竞技&童话&亲子&教育&励志&剧情&其他",
	"筛选类型替换词": "*",
	"筛选地区名称": "大陆&香港&台湾&美国&韩国&日本&法国&英国&德国&泰国&印度&西班牙&意大利&加拿大&其他",
	"筛选地区替换词": "*",
	"筛选年份名称": "2023&2022&2021&2020&2019&2018&2017&2016&2015&2014&2013&2012&2011&2010&2009&2008&2007&2006&2005&2004",
	"筛选年份替换词": "*",
	"筛选语言名称": "普通话&英语&粤语&闽南语&韩语&日语&其他",
	"筛选语言替换词": "*",
	"筛选排序名称": "更新时间&人气排序&评分排序",
	"筛选排序替换词": "time&hits&score",
    "分类截取模式": "1",
    "分类列表数组规则": ".myui-vodlist&&li",
    "分类片单是否Jsoup写法": "1",
    "分类片单标题": "h4&&a&&Text",
    "分类片单链接": "h4&&a&&href",
    "分类片单图片": ".lazyload&&data-original",
    "分类片单副标题": ".pic-text&&Text",
    "分类片单链接加前缀": "http://v.yemays.tk",
    "分类片单链接加后缀": "",
    "搜索请求头参数": "User-Agent$电脑",
    "搜索链接": "http://v.yemays.tk/vodsearch/{wd}----------1---.html",
    "POST请求数据": "",
    "搜索截取模式": "1",
    "搜索列表数组规则": ".myui-vodlist__media&&li",
    "搜索片单是否Jsoup写法": "1",
    "搜索片单图片": ".lazyload&&data-original",
    "搜索片单标题": "h4&&a&&Text",
    "搜索片单链接": "h4&&a&&href",
    "搜索片单副标题": ".pic-text&&Text",
    "搜索片单链接加前缀": "http://v.yemays.tk",
    "搜索片单链接加后缀": "",
    "链接是否直接播放": "0",
    "直接播放链接加前缀": "https://live.52sf.ga/huya/",
    "直接播放链接加后缀": "#isVideo=true#",
    "直接播放直链视频请求头": "authority$ku.peizq.online#Referer$https://play.peizq.online",
    "详情是否Jsoup写法": "0",
    "类型详情": "剧情：</span>&&</p",
    "年代详情": "更新：</span>&&</p",
    "地区详情": "地区：</span>&&</p",
    "演员详情": "主演：</span>&&</p",
    "简介详情": "<span class=\"data\" style=\"display: none;\"><p>&&</p>",
    "线路列表数组规则": ".nav-tabs&&li",
    "线路标题": "Text",
    "播放列表数组规则": "body&&.myui-content__list",
    "选集列表数组规则": "li",
    "选集标题链接是否Jsoup写法": "1",
    "选集标题": "a&&Text",
    "选集链接": "a&&href",
    "是否反转选集序列": "0",
    "选集链接加前缀": "http://v.yemays.tk",
    "选集链接加后缀": "",
    "分析MacPlayer": "",
    "是否开启手动嗅探": "1",
    "手动嗅探视频链接关键词": ".mp4#.m3u8#.flv#upmso.com",
    "手动嗅探视频链接过滤词": ".html#=http"
}