{
    "api":[ 
        {"key":"道长T4","name":"☁️道长T4","ext":"http://43.139.29.179:5705/config/2","date":"2022-09-18 11:52:05" },
        {"key":"T4聚合","name":"💖T4聚合","ext":"https://zhxy.neocities.org/666/t4.js","date":"2022-09-18 11:52:05" },
        {"key":"道长T4备用","name":"☁️道长T4备用","ext":"http://43.139.29.179:5705/config/1","date":"2022-09-18 11:52:05" },
        {"key":"云星家庭","name":"☁️云星家庭〔纯绿色家庭版〕","ext":"http://maoyingshi.cc/tvbox/云星日记/1.m3u8","date":"2022-09-06 11:52:05" },
        {"key":"云星阿里","name":"☁️云星阿里〔小纸条/推送等〕","ext":"http://maoyingshi.cc/tvbox/云星日记/ali.m3u8","date":"2022-09-06 11:52:05" },
        {"key":"云星哔哩","name":"☁️云星哔哩〔大套餐/学堂等〕","ext":"http://maoyingshi.cc/tvbox/云星日记/bili.json","date":"2022-09-06 11:52:05" },
        {"key":"刚刚","name":"💖刚刚","ext":"http://刚刚.live/猫","date":"2022-09-06 11:52:05" },
        {"key":"️太阳","name":"☀️太阳","ext":"http://miaotvs.cn/osc","date":"2022-09-06 11:52:05" },
        {"key":"神器","name":"🤪神器","ext":"https://神器每日推送.tk/pz.json","date":"2022-09-06 11:52:05"},
        {"key":"线路3","name":"🏔线路3","ext":"https://freed.yuanhsing.cf/TVBox/meowcf.json","date":"2022-09-06 11:52:05"},
        {"key":"线路4","name":"🌈线路4","ext":"http://47.242.90.42:8888/down/BJZPa8THuiE9","date":"2022-09-06 11:52:05"},        
        {"key":"线路5","name":"🍸线路5","ext":"https://raw.iqiq.io/liu673cn/box/main/m.json","date":"2022-09-06 11:52:05"},        
        {"key":"线路6","name":"👱线路6","ext":"https://box.okeybox.top/tv/0xth.json","date":"2022-09-06 11:52:05"},        
        {"key":"线路7","name":"💨线路7","ext":"http://js.134584.xyz/json/pp87.json","date":"2022-09-06 11:52:05"},   
        {"key":"线路8","name":"💨线路8","ext":"http://52bsj.vip:98/wuai","date":"2022-09-06 11:52:05"},   
        {"key":"线路9","name":"💨线路9","ext":"https://cdn.staticaly.com/gh/XuQqu/PinkBird/main/normal.json","date":"2022-09-06 11:52:05"},   
        {"key":"每日","name":"💨每日线路","ext":"https://神器每日推送.tk/pz.json","date":"2022-09-06 11:52:05"},   
        {"key":"影视库","name":"💨影视库线路","ext":"http://js.134584.xyz/json/pp87.json","date":"2022-09-06 11:52:05"},   
        {"key":"猫友","name":"💨猫友线路","ext":"https://freed.yuanhsing.cf/TVBox/meowcf.json","date":"2022-09-06 11:52:05"},   
        {"key":"潇洒","name":"💨潇洒线路","ext":"https://download.kstore.space/download/2863/01.txt","date":"2022-09-06 11:52:05"},   
        {"key":"dxawi","name":"💨dxawi线路","ext":"https://dxawi.github.io/0/0.json","date":"2022-09-06 11:52:05"},   
        {"key":"agtgi","name":"💨agtgi线路","ext":"https://agit.ai/n/b/raw/branch/a/b/c.json","date":"2022-09-06 11:52:05"},   
        {"key":"线路10","name":"💨线路10","ext":"https://liu673cn.github.io/box/m.json","date":"2022-09-06 11:52:05"},   
        {"key":"线路11","name":"💨线路11","ext":"https://0a.fit/7777","date":"2022-09-06 11:52:05"},   
        {"key":"线路12","name":"💨线路12","ext":"http://52bsj.vip:81/api/v3/file/get/29899/box2.json?sign=3cVyKZQr3lFAwdB3HK-A7h33e0MnmG6lLB9oWlvSNnM%3D%3A0","date":"2022-09-06 11:52:05"},   
        {"key":"线路13","name":"线路13","ext":"https://liu673cn.github.io/box/m.json","date":"2022-09-06 11:52:05" },
        {"key":"线路14","name":"线路14","ext":"https://agit.ai/n/b/raw/branch/a/b/c.json","date":"2022-09-06 11:52:05" },
        {"key":"小苹果","name":"小苹果","ext":"https://limb.neocities.org/tv/xpg.json","date":"2022-09-06 11:52:05" },
        {"key":"线路15","name":"线路15","ext":"http://52bsj.vip:81/api/v3/file/get/29899/box2.json?sign=3cVyKZQr3lFAwdB3HK-A7h33e0MnmG6lLB9oWlvSNnM%3D%3A0","date":"2022-09-06 11:52:05" },
        {"key":"线路16","name":"线路16","ext":"http://52bsj.vip:81/api/v3/file/get/46060/Tv%20box%E6%BA%902.txt?sign=yI8sCYT8pei-pxp1_xwLjWOfepQ9b7c1y6Q_QD_0RY4%3D%3A0","date":"2022-09-06 11:52:05" },
        {"key":"线路17","name":"线路17","ext":"https://gitea.com/habao260/2/raw/branch/main/longge802.json","date":"2022-09-19 11:52:05" },
        {"key":"线路18","name":"线路18","ext":"https://agit.ai/zhanghong/tvbox/raw/branch/master/agitjt.json","date":"2022-09-19 11:52:05" },
        {"key":"线路19","name":"线路19","ext":"https://agit.ai/66666/mao/raw/branch/master/00/000.m3u8","date":"2022-09-19 11:52:05" },
        {"key":"线路20","name":"线路20","ext":"https://agit.ai/66666/mao/raw/branch/master/00/999.m3u8","date":"2022-09-19 11:52:05" },
        {"key":"线路21","name":"线路21","ext":"https://raw.liucn.cc/box/m.json","date":"2022-09-19 11:52:05" },
        {"key":"线路22","name":"线路22","ext":"https://agit.ai/nbwzlyd/xiaopingguo/raw/branch/master/xiaopingguo/xiaopingguo.json","date":"2022-09-19 11:52:05" },
        {"key":"线路23","name":"线路23","ext":"https://pastebin.com/raw/FSLJXZN5","date":"2022-09-19 11:52:05" }
  ]
    }
