{
  "小兵": "https://6vv.app",
  "帥鵬": "https://hi.shuaipeng.wang",
  "星夢": "https://pan.bashroot.top",
  "晴園": "https://alist.52qy.repl.co",
  "梓澪": "https://zi0.cc",
  "秋雨": "https://share.laowang.me",
  "米奇": "https://anime.mqmmw.ga",
  "觸光": "https://pan.ichuguang.com",
  "一只魚": "https://alist.youte.ml",
  "七米藍": "https://al.chirmyram.com",
  "浩瀚吧": "https://8023.haohanba.cn",
  "雲播放": "https://quanzi.laoxianghuijia.cn",
  "姬路白雪": "https://pan.jlbx.xyz",
  "神族九帝": "https://alist.shenzjd.com",
  "資源小站": "https://960303.xyz",
  "Disk": "http://124.222.140.243:8080"
}