{



//0730JAR
"spider":"https://agit.ai/guot54/ygbh/raw/branch/master/JAR/888.png;md5;86A2E6D82742D949C4FDC0B981085655",






"lives":[{"group":"redirect","channels":[{"name":"redirect","urls":["proxy://do=live&type=txt&ext=aHR0cHM6Ly9hZ2l0LmFpL2d1b3Q1NC95Z2JoL3Jhdy9icmFuY2gvbWFzdGVyL3pCL3pCLnR4dA=="]}]}],

"sites":[
  {
	     "key": "Lezhu_spider",
	     "name": "🎎月光宝盒PLUS",
	     "api": "csp_Lezhu",
	     "type": 3,
	     "filterable": 1,
	     "quickSearch": 1,
	     "searchable": 1,
	     "jar":"http://52bsj.vip:81/api/v3/file/get/41344/jar0826.jar?sign=ynL7G6jUsM4xB5uXv1Ph-U6_QjzfeRLY0IvJkzErbeI%3D%3A0"
    },

    


{"key":"1","name":"🔞🈲未成年人禁止访问，请止步！！","type":0,"api":""},
{"key":"18","name":"🔞分割线—小撸怡情","type":0,"api":""},
{"key":"12","name":"🔞分割线—大撸伤身","type":0,"api":""},
{"key":"10","name":"🔞分割线—强撸灰飞烟灭","type":0,"api":""},
{
            "key": "dr_喵喵",
            "name": "*🔞喵喵影视",
            "type": 1,
            "api": "http://52.78.50.140:50217/vod?rule=喵喵",
            "searchable": 2,
            "quickSearch": 0,
            "filterable": 0,
       "jar":"https://agit.ai/guot54/ygbh/raw/branch/master/JAR/mm.jar" },
      
{"key": "csp_xpath_lenxitv","name": "*🔞冷曦影视(XPF)","type": 3,"api": "csp_XPathFilter","searchable": 1,"quickSearch": 1,"filterable": 1,"ext": "https://agit.ai/guot54/ygbh/raw/branch/master/XB/lenxi.json"},   
{"key":"csp_Xiangjiao","name":"*🔞new香蕉","type":3,"api":"csp_Xiangjiao","searchable":1,"quickSearch":1,"filterable":1,"jar":"https://agit.ai/guot54/ygbh/raw/branch/master/JAR/my_18spider.jar"},
{"key":"csp_biubiu_香蕉视频","name":"*🔞香蕉视频(XB)","type":3,"api":"csp_XBiubiu","searchable":1,"quickSearch":1,"filterable":1,"ext":"https://agit.ai/guot54/ygbh/raw/branch/master/XB/%e9%a6%99%e8%95%89%e8%a7%86%e9%a2%91.json"},
{"key":"csp_biubiu_爱看影院","name":"*🔞爱看影院(XB)","type":3,"api":"csp_XBiubiu","searchable":1,"quickSearch":1,"filterable":1,"ext":"https://agit.ai/guot54/ygbh/raw/branch/master/XB/%e7%88%b1%e7%9c%8b%e5%bd%b1%e9%99%a2.json"},
{"key":"*色南国资源","name":"*🔞色南国资源","type":1,"api":"https://api.sexnguon.com/api.php/provide/vod/","searchable":0,"quickSearch":0},
{"key":"*狼友资源","name":"*🔞狼友资源","type":1,"api":"https://www.langyouzy.com/api.php/provide/vod/","searchable":0,"quickSearch":0},
{"key":"*国色资源","name":"*🔞国色资源","type":1,"api":"https://api.guosezy.com/api.php/provide/vod/","searchable":0,"quickSearch":0},
{"key":"*金莲资源","name":"*🔞金莲资源","type":1,"api":"https://111kkkkk.com/api.php/provide/vod/","searchable":0,"quickSearch":0},
{"key":"*皇冠资源","name":"*🔞皇冠资源","type":1,"api":"https://hghhh.com/api.php/provide/vod/","searchable":0,"quickSearch":0},
{"key":"*热巴资源","name":"*🔞热巴资源","type":1,"api":"http://reba.aishunxs.com/api.php/provide/vod/","searchable":0,"quickSearch":0},
{"key":"csp_biubiu_四虎影院","name":"*🔞四虎影院(XB)","type":3,"api":"csp_XBiubiu","searchable":1,"quickSearch":1,"filterable":1,"ext":"http://52bsj.vip:81/api/v3/file/get/42847/%E5%9B%9B%E8%99%8E%E5%BD%B1%E9%99%A2.json?sign=zwsM2CHQiQTJX443ZPGi1O_y6dKZEx1uvM27wRSRg_8%3D%3A0"},
{"key": "*AIvin","name": "*🔞AIvin","type": 0,"api": "http://lbapiby.com/api.php/provide/vod/at/xml"},
{"key":"csp_biubiu_GAOAA","name":"*🔞GAOAA(XB)","type":3,"api":"csp_XBiubiu","searchable":1,"quickSearch":1,"filterable":1,"ext":"http://52bsj.vip:81/api/v3/file/get/42848/GAOAA.json?sign=RTEogEmpqCt7cdlDCudsxV_SNXZR11Qx11Z5_bDuEYE%3D%3A0"},	
{"key":"*爱操资源","name":"*🔞爱操资源","type":1,"api":"https://aicaozy.com/api.php/provide/vod/","searchable":0,"quickSearch":0},	
{ "key": "(18+)SS资源", "name": "*🔞SS资源", "type": 0, "api": "http://secj8.com/inc/sapi.php?ac=videolist", "searchable": 1, "quickSearch": 1, "filterable": 0 },	
{ "key": "(18+)JAV名优", "name": "*🔞JAV名优", "type": 0, "api": "http://mygzycj.com/api.php?ac=list", "searchable": 1, "quickSearch": 1, "filterable": 0 },	
{ "key": "(18+)秀色资源", "name": "🔞秀色资源", "type": 0, "api": "https://api.xiuseapi.com/api.php/provide/vod/at/xml", "playUrl": "https://player.leyuzy.net/?url=", "searchable": 1, "quickSearch": 1, "filterable": 0 },	
{"key": "精工厂","name": "*🔞精工厂","type": 0,"api": "https://jgczyapi.com/home/cjapi/kld2/mc/vod/xml","searchable":0,"quickSearch":0,"filterable":0,"jar":"https://share.nite07.com/api/v3/file/source/18178/18.jar?sign=4snwZEDuzr88tmVvCLDre0Jjbt5hOKh7zrtE37bQV30%3D%3A0"},
{"key": "91md","name": "*🔞九一线","type": 1,"api": "https://91md.me/api.php/provide/vod/from/mdm3u8/","searchable":0,"quickSearch":0,"filterable": 0,"jar":"https://share.nite07.com/api/v3/file/source/18178/18.jar?sign=4snwZEDuzr88tmVvCLDre0Jjbt5hOKh7zrtE37bQV30%3D%3A0"},
{"key": "美少女","name": "*🔞美少女","type": 0,"api": "https://www.msnii.com/api/xml.php","searchable":0,"quickSearch":0,"filterable": 1,"jar":"https://share.nite07.com/api/v3/file/source/18178/18.jar?sign=4snwZEDuzr88tmVvCLDre0Jjbt5hOKh7zrtE37bQV30%3D%3A0"},
{"key": "点点","name": "*🔞点点点","type": 0,"api": "https://xx55zyapi.com/home/cjapi/ascf/mc/vod/xml","searchable":0,"quickSearch":0,"filterable": 0,"jar":"https://share.nite07.com/api/v3/file/source/18178/18.jar?sign=4snwZEDuzr88tmVvCLDre0Jjbt5hOKh7zrtE37bQV30%3D%3A0"},
{"key": "屌丝","name": "*🔞屌丝影","type": 0,"api": "https://sdszyapi.com/home/cjapi/asbb/sea/vod/xml","searchable":0,"quickSearch":0,"filterable": 0,"jar":"https://share.nite07.com/api/v3/file/source/18178/18.jar?sign=4snwZEDuzr88tmVvCLDre0Jjbt5hOKh7zrtE37bQV30%3D%3A0"},
{"key": "哥哥妹妹","name": "*🔞有哥妹","type": 0,"api": "http://www.ggmmzy.com:9999/inc/xml","searchable": 0,"quickSearch": 0,"filterable": 0,"jar":"https://share.nite07.com/api/v3/file/source/18178/18.jar?sign=4snwZEDuzr88tmVvCLDre0Jjbt5hOKh7zrtE37bQV30%3D%3A0"},
{"key": "*CK资源","name": "*🔞纯在线","type": 1,"api": "http://www.feifei67.com/api.php/provide/vod/","searchable":0,"quickSearch":0,"filterable": 0,"jar":"https://share.nite07.com/api/v3/file/source/18178/18.jar?sign=4snwZEDuzr88tmVvCLDre0Jjbt5hOKh7zrtE37bQV30%3D%3A0"},
{"key": "*博天堂","name": "*🔞博天堂","type": 0,"api": "http://bttcj.com/inc/sapi.php","searchable":0,"quickSearch":0,"filterable": 0,"jar":"https://share.nite07.com/api/v3/file/source/18178/18.jar?sign=4snwZEDuzr88tmVvCLDre0Jjbt5hOKh7zrtE37bQV30%3D%3A0"},
{"key":"*色猫资源","name":"*🔞色猫资源","type":1,"api":"https://api.maozyapi.com/inc/apijson_vod.php","searchable":0,"quickSearch":0},
{"key":"*草莓资源","name":"*🔞草莓资源","type":1,"api":"https://caiji.caomeiapi.com/inc/apijson_vod.php","searchable":0,"quickSearch":0},
{"key":"*爱看资源","name":"*🔞爱看资源","type":1,"api":"http://www.aikanzyz9.com/inc/apijson_vod.php","searchable":0,"quickSearch":0},
{"key":"*花魁资源","name":"*🔞花魁资源","type":1,"api":"https://caiji.huakuiapi.com/inc/apijson_vod.php","searchable":0,"quickSearch":0},
{"key":"*葡萄资源","name":"*🔞葡萄资源","type":1,"api":"https://api.putaozy.net/inc/apijson_vod.php","searchable":0,"quickSearch":0},
{"key":"*色窝资源","name":"*🔞色窝资源","type":1,"api":"https://sewozyapi.com/api.php/provide/vod/","searchable":0,"quickSearch":0},
{"key":"*淫窝资源","name":"*🔞淫窝资源","type":1,"api":"https://api.yinwoapi.com/api.php/provide/vod/","searchable":0,"quickSearch":0},
//{"key":"*SB资源","name":"*🔞SB资源","type":0,"api":"http://www.shabizy.com:777/inc/sea","searchable":0,"quickSearch":0},
{"key":"色屌丝资源","name":"*🔞色屌丝资源(切)","type":0,"api":"http://sdszyapi.com/home/cjapi/asbb/mc10/vod/xml","searchable":1,"quickSearch":1},
{"key":"小姐姐资源","name":"*🔞小姐姐资源","type":0,"api":"https://xjjzyapi.com/home/cjapi/askl/mc10/vod/xml","searchable":1,"quickSearch":1},
{"key":"*52AVAV","name":"*🔞52AVAV","type":0,"api":"https://52zyapi.com/home/cjapi/asda/mc10/vod/xml","searchable":0,"quickSearch":0},
//{"key":"*水帘洞资源","name":"*水帘洞资源","type":1,"api":"https://www.sldcaiji.com/home/cjapi/s6da/mc10/vod/json","searchable":0,"quickSearch":0},
{"key":"*我要啪啪","name":"*🔞我要啪啪","type":0,"api":"http://www.caiji21.com/home/cjapi/klkl/mc10/vod/xml","searchable":0,"quickSearch":0},
{"key":"*AV集中淫","name":"*🔞AV集中淫","type":0,"api":"https://www.caiji22.com/home/cjapi/klp0/mc10/vod/xml","searchable":0,"quickSearch":0},
{"key":"*夜夜撸资源","name":"*🔞夜夜撸资源","type":0,"api":"https://www.caiji23.com/home/cjapi/kls6/mc10/vod/xml","searchable":0,"quickSearch":0},
{"key":"*大屌丝资源","name":"*🔞大屌丝资源","type":0,"api":"http://www.caiji24.com/home/cjapi/p0d2/mc10/vod/xml","searchable":0,"quickSearch":0},
{"key":"*咪咪资源","name":"*🔞咪咪资源","type":0,"api":"http://www.caiji25.com/home/cjapi/p0as/mc10/vod/xml","searchable":0,"quickSearch":0},
{"key":"*鲍鱼AV","name":"*🔞鲍鱼AV","type":0,"api":"http://caiji26.com/home/cjapi/p0g8/mc10/vod/xml","searchable":0,"quickSearch":0},
{"key":"*精工厂资源","name":"*🔞精工厂资源","type":0,"api":"https://jgczyapi.com/home/cjapi/kld2/mc10/vod/xml","searchable":0,"quickSearch":0},
{"key":"*点点娱乐","name":"*🔞点点娱乐","type":0,"api":"https://xx55zyapi.com/home/cjapi/ascf/mc10/vod/xml","searchable":0,"quickSearch":0},
{"key":"*淫人妻资源","name":"*🔞淫人妻资源","type":1,"api":"http://www.yrqcaiji.com/home/cjapi/s6c7/mc10/vod/json","searchable":0,"quickSearch":0},
{"key":"*小处女资源","name":"*🔞小处女资源","type":1,"api":"http://xcncaiji.com/home/cjapi/s6bb/mc10/vod/json","searchable":0,"quickSearch":0},
{"key":"*大MM资源","name":"*🔞大MM资源","type":0,"api":"https://www.dmmapi.com/home/cjapi/asd2c7/mc10/vod/xml","searchable":0,"quickSearch":0},
{"key":"*黄瓜TV资源","name":"*🔞黄瓜TV资源","type":0,"api":"https://www.caiji10.com/home/cjapi/cfs6/mc10/vod/xml","searchable":0,"quickSearch":0},
{"key":"*快播盒子资源","name":"*🔞快播盒子资源","type":0,"api":"https://www.caiji09.com/home/cjapi/cfp0/mc10/vod/xml","searchable":0,"quickSearch":0},
{"key":"*大香蕉资源","name":"*🔞大香蕉资源","type":0,"api":"https://www.caiji08.com/home/cjapi/cfkl/mc10/vod/xml","searchable":0,"quickSearch":0},
{"key":"*日本AV在线","name":"*🔞日本AV在线","type":0,"api":"https://www.caiji07.com/home/cjapi/cfcf/mc10/vod/xml","searchable":0,"quickSearch":0},
{"key":"*久久热在线","name":"*🔞久久热在线","type":0,"api":"https://www.caiji06.com/home/cjapi/cfbb/mc10/vod/xml","searchable":0,"quickSearch":0},
{"key":"*青青草视频","name":"*🔞青青草视频","type":0,"api":"https://www.caiji05.com/home/cjapi/cfda/mc10/vod/xml","searchable":0,"quickSearch":0},
{"key":"*麻豆视频","name":"*🔞麻豆视频","type":0,"api":"https://www.caiji04.com/home/cjapi/cfc7/mc10/vod/xml","searchable":0,"quickSearch":0},
{"key":"*一本道资源","name":"*🔞一本道资源","type":0,"api":"https://www.caiji03.com/home/cjapi/cfg8/zp/vod/xml","searchable":0,"quickSearch":0},
{"key":"*草榴视频","name":"*🔞草榴视频","type":0,"api":"https://www.caiji02.com/home/cjapi/cfas/mc10/vod/xml","searchable":0,"quickSearch":0},
{"key":"*亚洲成人在线","name":"*🔞亚洲成人在线","type":0,"api":"https://www.caiji01.com/home/cjapi/cfd2/mc10/vod/xml","searchable":0,"quickSearch":0},
{"key":"*天噜啦资源","name":"*🔞天噜啦资源","type":0,"api":"http://www.987caiji.com/api/max.php","searchable":0,"quickSearch":0},
{"key":"*99资源","name":"*🔞99资源","type":1,"api":"http://99zy.pw/api.php/provide/vod/","searchable":0,"quickSearch":0},
{"key":"*010爱资源","name":"*🔞010爱资源","type":0,"api":"http://www.010aizy.com/API/macs.php","searchable":0,"quickSearch":0},
{"key":"*91麻豆","name":"*🔞91麻豆","type":1,"api":"https://91md.me/api.php/provide/vod/","searchable":0,"quickSearch":0},
{"key":"*99资源吧","name":"*🔞99资源吧","type":1,"api":"http://99zyba.com/api.php/provide/vod/","searchable":0,"quickSearch":0},
{"key":"*酷豆资源","name":"*🔞酷豆资源","type":1,"api":"https://kudouzy.com/api.php/provide/vod/","searchable":0,"quickSearch":0},
{"key":"*酷豆2","name":"*🔞酷豆2","type":1,"api":"https://api.kdapi.info/api.php/provide/vod/","searchable":0,"quickSearch":0},
{"key":"*酷伦理","name":"*🔞酷伦理","type":1,"api":"https://api.kudian70.com/api.php/provide/vod/","searchable":0,"quickSearch":0},
{"key":"*影库资源","name":"*🔞影库资源","type":1,"api":"https://api.ykapi.net/api.php/provide/vod/","searchable":0,"quickSearch":0},
{"key":"*奶茶资源","name":"*🔞奶茶资源","type":1,"api":"https://caiji.naichaapi.com/inc/apijson_vod.php","searchable":0,"quickSearch":0},
{"key":"*爱播资源","name":"*🔞爱播资源","type":1,"api":"https://cj.apiabzy.com/api.php/provide/vod/","searchable":0,"quickSearch":0},
{"key":"*美少女资源","name":"*🔞美少女资源","type":0,"api":"https://www.msnii.com/api/xml.php","searchable":0,"quickSearch":0},
{"key":"*淫水机资源","name":"*🔞淫水机资源","type":0,"api":"https://www.xrbsp.com/api/xml.php","searchable":0,"quickSearch":0},
{"key":"*香奶儿资源","name":"*🔞香奶儿资源","type":0,"api":"https://www.gdlsp.com/api/xml.php","searchable":0,"quickSearch":0},
{"key":"*白嫖资源","name":"*🔞白嫖资源","type":0,"api":"https://www.kxgav.com/api/xml.php","searchable":0,"quickSearch":0},
{"key":"*小湿妹资源","name":"*🔞小湿妹资源","type":0,"api":"https://www.afasu.com/api/xml.php","searchable":0,"quickSearch":0},
{"key":"*大地资源","name":"*🔞大地资源","type":0,"api":"https://dadiapi.com/api.php","searchable":0,"quickSearch":0},
{"key":"*CK资源","name":"*🔞CK资源","type":1,"api":"http://www.feifei67.com/api.php/provide/vod/","searchable":0,"quickSearch":0},
{"key":"*老鸭资源","name":"*🔞老鸭资源","type":1,"api":"https://api.apilyzy.com/api.php/provide/vod/","searchable":0,"quickSearch":0},
{
      "key": "老鸭2",
      "name": "*🔞老鸭2",
      "type": 1,
      "api": "https://lbapi9.com/api.php/provide/vod/",
      "playUrl": "json:https://player.77lehuo.com/aliplayer/?url=",
      "searchable": 1,
      "quickSearch": 1,
      "filterable": 0
    },
 
{"key":"*乐播资源","name":"*🔞乐播资源","type":1,"api":"https://lbapi9.com/api.php/provide/vod/","searchable":0,"quickSearch":0},
{"key":"*博天堂","name":"*🔞博天堂","type":0,"api":"http://bttcj.com/inc/sapi.php","searchable":0,"quickSearch":0},
{"key":"*环亚资源","name":"*🔞环亚资源","type":0,"api":"http://wmcj8.com/inc/sapi.php","searchable":0,"quickSearch":0},
{ "key": "(18+)天堂福利", "name": "🔞天堂福利", "type": 0, "api": "https://bttcj.com/inc/sapi.php", "searchable": 1, "quickSearch": 1, "filterable": 0 },
{ "key": "afasu", "name": "🔞小湿妹资源(已修复)", "type": 0, "api": "https://www.afasu.com/api/xml.php", "searchable": 1, "quickSearch": 1, "filterable": 1 },
        { "key": "KpgxdyE", "name": "🔞黄AV资源(已修复)", "type": 0, "api": "https://www.pgxdy.com/api/xml.php", "searchable": 1, "quickSearch": 1, "filterable": 1 },
//{"key":"*AVZY6888资源","name":"*🔞AVZY6888资源","type":1,"api":"http://m.7777688.com/inc/apijson.php","searchable":0,"quickSearch":0},
{"key":"*色色资源","name":"*🔞色色资源","type":0,"api":"http://secj8.com/inc/sapi.php?ac=videolist","searchable":0,"quickSearch":0},
{"key":"*玖玖资源","name":"*🔞玖玖资源","type":0,"api":"http://99zywcj.com/inc/sapi.php?ac=videolist","searchable":0,"quickSearch":0},
{"key":"*狼少年","name":"*🔞狼少年","type":0,"api":"http://cjmygzy.com/inc/sapi.php?ac=videolist","searchable":0,"quickSearch":0},
{"key":"*佳丽资源","name":"*🔞佳丽资源","type":1,"api":"http://www.jializyzapi.com/api.php/provide/vod/","searchable":0,"quickSearch":0},
{"key":"*番号资源","name":"*🔞番号资源","type":1,"api":"http://fhapi9.com/api.php/provide/vod/","searchable":0,"quickSearch":0},
{"key":"*鲨鱼资源","name":"*🔞鲨鱼资源","type":1,"api":"https://shayuapi.com/api.php/provide/vod/","searchable":0,"quickSearch":0},
{"key":"*速度资源","name":"*🔞速度资源","type":0,"api":"http://www.ggmmzy.com:9999/inc/xml","searchable":0,"quickSearch":0},
{"key":"*丝袜资源","name":"*🔞丝袜资源","type":1,"api":"https://siwazyw.cc/api.php/provide/vod/at/json/","searchable":0,"quickSearch":0},
{"key":"*芒果资源","name":"*🔞芒果资源","type":1,"api":"https://mgzyz1.com/api.php/provide/vod/","searchable":0,"quickSearch":0},
{"key":"*KK写真资源","name":"*🔞KK写真资源","type":1,"api":"https://kkzy.me/api.php/provide/vod/","searchable":0,"quickSearch":0}

],


"parses":[
  {"name":"解析聚合","type":3,"url":"Demo"},
{"name":"Json并发","type":2,"url":"Parallel"},
{"name":"Json轮询","type":2,"url":"Sequence"},
{
		"name": "云you解析①",
		"type": 1,
		"url": "http://chaloli.cn/home/api?type=ys&uid=1&key=dfgilnotuyDGHMQW34&url"
	}, 
	{
		"name": "解析01",
		"type": 1,
		"url": "https://svip.znjson.com/api/?key=gX8j9IPvoQ5mFmlIzu&url="
	},	
	{
		"name": "解析02",
		"type": 1,
		"url": "https://hc.izny.cn/json.php?url="
	},		
	{
	    "name":"OK",
	    "type":0,
	    "url":"https://okjx.cc/?url="
	},
	{
		"name": "解析02",
		"type": 0,
		"url": "https://www.nxflv.com/?url="
	}, 
	{
		"name": "牛逼解析",
		"type": 0,
		"url": "https://nbjx.vip/?url="
	}, 
	{
		"name": "parwix",
		"type": 0,
		"url": "https://jx.parwix.com:4433/player/?url="
	}, 	
{"name":"恩哥", "type":1,"url":"http://newjiexi.gotka.top/keyu3.php?url=","ext":{"flag":[ "qq","腾讯","qiyi","爱奇艺","奇艺","youku","优酷","mgtv","芒果","letv","乐视","pptv","PPTV","sohu","bilibili","哔哩哔哩","哔哩"],"header":{"User-Agent":"okhttp/4.1.0"}}},
{"name":"365","type":0,"url": "https://chaxun.truechat365.com/?url=","ext":{"flag":["qq","腾讯","qiyi","iqiyi","爱奇艺","奇艺","youku","优酷","mgtv","芒果","letv","乐视","pptv","PPTV","sohu","bilibili","哔哩哔哩","哔哩"]}},
{"name":"8old","type":0,"url":"https://www.m3u8.tv.cdn.8old.cn/jx.php?url=","ext":{"flag":["qq","腾讯","qiyi","iqiyi","爱奇艺","奇艺","youku","优酷","mgtv","芒果","letv","乐视","pptv","PPTV","sohu","bilibili","哔哩哔哩","哔哩"]}},
{"name": "ZNJSON解析","type": 1,"url": "https://svip.znjson.com/api/?key=gX8j9IPvoQ5mFmlIzu&url="}, 

	{
		"name": "解析06",
		"type": 0,
		"url": "https://vip.parwix.com:4433/player/?url="
	},	
	{
		"name": "parwix稳定",
		"type": 0,
		"url": "https://jx.bozrc.com:4433/player/?url="
	}, 
	{
		"name": "OKjx综合",
		"type": 0,
		"url": "https://okjx.cc/?url="
	},
{"name":"B站1","type":0,"url":"https://jx.bozrc.com:4433/player/?url="},
{"name":"爱豆","type":0,"url":"https://jx.aidouer.net/?url="},
{"name":"H8","type":0,"url":"https://www.h8jx.com/jiexi.php?url="},
{"name":"解析","type":0,"url":"https://ckmov.ccyjjd.com/ckmov/?url="},
{"name":"思古3","type":0,"url":"https://jsap.attakids.com/?url="},
{"name":"云端1","type":0,"url":"https://js.52jx.top:2525/?url="},
{"name":"云端2","type":0,"url":"https://sb.5gseo.net/?url="}

],
"flags":["youku","qq","iqiyi","qiyi","letv","sohu","tudou","pptv","mgtv","wasu","bilibili","renrenmi"],
"ijk":[
{"group":"软解码","options":[
{"category":4,"name":"opensles","value":"0"},
{"category":4,"name":"overlay-format","value":"842225234"},
{"category":4,"name":"framedrop","value":"1"},
{"category":4,"name":"soundtouch","value":"1"},
{"category":4,"name":"start-on-prepared","value":"1"},
{"category":1,"name":"http-detect-range-support","value":"0"},
{"category":1,"name":"fflags","value":"fastseek"},
{"category":2,"name":"skip_loop_filter","value":"48"},
{"category":4,"name":"reconnect","value":"1"},
{"category":4,"name":"enable-accurate-seek","value":"0"},
{"category":4,"name":"mediacodec","value":"0"},
{"category":4,"name":"mediacodec-auto-rotate","value":"0"},
{"category":4,"name":"mediacodec-handle-resolution-change","value":"0"},
{"category":4,"name":"mediacodec-hevc","value":"0"},
{"category":1,"name":"dns_cache_timeout","value":"600000000"}
]},
{"group":"硬解码","options":[
{"category":4,"name":"opensles","value":"0"},
{"category":4,"name":"overlay-format","value":"842225234"},
{"category":4,"name":"framedrop","value":"1"},
{"category":4,"name":"soundtouch","value":"1"},
{"category":4,"name":"start-on-prepared","value":"1"},
{"category":1,"name":"http-detect-range-support","value":"0"},
{"category":1,"name":"fflags","value":"fastseek"},
{"category":2,"name":"skip_loop_filter","value":"48"},
{"category":4,"name":"reconnect","value":"1"},
{"category":4,"name":"enable-accurate-seek","value":"0"},
{"category":4,"name":"mediacodec","value":"1"},
{"category":4,"name":"mediacodec-auto-rotate","value":"1"},
{"category":4,"name":"mediacodec-handle-resolution-change","value":"1"},
{"category":4,"name":"mediacodec-hevc","value":"1"},
{"category":1,"name":"dns_cache_timeout","value":"600000000"}
]}
],
"wallpaper":"http://www.kf666888.cn/api/tvbox/img",
"ads":["mimg.0c1q0l.cn","www.googletagmanager.com","www.google-analytics.com","mc.usihnbcq.cn","mg.g1mm3d.cn","mscs.svaeuzh.cn","cnzz.hhttm.top","tp.vinuxhome.com","cnzz.mmstat.com","www.baihuillq.com","s23.cnzz.com","z3.cnzz.com","c.cnzz.com","stj.v1vo.top","z12.cnzz.com","img.mosflower.cn","tips.gamevvip.com","ehwe.yhdtns.com","xdn.cqqc3.com","www.jixunkyy.cn","sp.chemacid.cn","hm.baidu.com","s9.cnzz.com","z6.cnzz.com","um.cavuc.com","mav.mavuz.com","wofwk.aoidf3.com","z5.cnzz.com","xc.hubeijieshikj.cn","tj.tianwenhu.com","xg.gars57.cn","k.jinxiuzhilv.com","cdn.bootcss.com","ppl.xunzhuo123.com","xomk.jiangjunmh.top","img.xunzhuo123.com","z1.cnzz.com","s13.cnzz.com","xg.huataisangao.cn","z7.cnzz.com","xg.huataisangao.cn","z2.cnzz.com","s96.cnzz.com","q11.cnzz.com","thy.dacedsfa.cn","xg.whsbpw.cn","s19.cnzz.com","z8.cnzz.com","s4.cnzz.com","f5w.as12df.top","ae01.alicdn.com","www.92424.cn","k.wudejia.com","vivovip.mmszxc.top","qiu.xixiqiu.com","cdnjs.hnfenxun.com","cms.qdwght.com"]
}