﻿{
    "urls":[  //资源来源于网络，若有冒犯，私信公众号【星河软件园】删除！    
	    {
        "url":"https://agit.ai/mmmgit/tvbox/raw/branch/main/zzz1.json",
       "name":"线路1资源来源于网络"
      },
      {
        "url":"https://agit.ai/1357712527/tvbox/raw/branch/master/TVBoxx.json",
       "name":"线路2如有冒犯私信"
      },
      {
        "url":"http://xn--4bra.live/gg0906.json",
       "name": "线路3公众号【星河软件园】"
      },
     
      {
        "url":"http://111.67.196.181/mtv/270.txt",
       "name":"线路4马上删除"
      },
      {
        "url":"https://agit.ai/Gaytime/CC/raw/branch/master/1024.txt",
       "name":"线路5"
      },
      {
        "url":"http://js.134584.xyz/json/pp87.json",
       "name":"线路6"
      },
      {
        "url":"https://download.kstore.space/download/2863/01.txt",
       "name":"线路7"
      },
      {
        "url":"http://9xi4o.tk/0725.json",
       "name":"线路8"
      },
      {
        "url":"https://agit.ai/fenwe/TVBox/raw/branch/master/Box.json",
       "name":"线路9"
      },
      {
        "url":"http://dxawi.github.io/0/0.json",
       "name":"线路10"
      },
      {
        "url":"https://agit.ai/767820774/h/raw/branch/master/mao3",
       "name":"线路11"
      },
      {
        "url":"https://out.zxglife.top/down.php/05ad8a16e71ebb56b4ff3d719ab3963f.txt&zn777",
       "name":"线路12"
      },
      {
        "url":"https://share.nite07.com/api/v3/file/source/13485/0716.txt?sign=dxhV79Bv7z8Dc-UIC75rWZ50Z1qFYUJxqOwaBsKhKQU=:0",
       "name":"线路13"
      },
      {
        "url":"http://maoyingshi.cc/tvbox/星河软件园/1.m3u8",
       "name":"线路14"
      },
      {
        "url":"http://52bsj.vip:81/api/v3/file/get/46060/Tv%20box%E6%BA%902.txt?sign=yI8sCYT8pei-pxp1_xwLjWOfepQ9b7c1y6Q_QD_0RY4%3D%3A0",
       "name":"线路15"
      },
      {
        "url":"https://agit.ai/zqk219/baip/raw/branch/master/tv.json",
       "name":"线路16"
      },
      {
        "url":"https://agit.ai/zzzlllmmm1/TVBox-1/raw/branch/main/sc.json",
       "name":"线路17"
      },
      {
        "url":"https://agit.ai/767820774/ziyong2/raw/branch/master/33.txt",
       "name":"线路18"
      },
      {
        "url":"https://agit.ai/767820774/mao666/raw/branch/master/json/自用.json",
       "name":"线路19"
      },
      {
        "url":"http://52bsj.vip:98/wuai",
       "name":"线路20"
      },
      {
        "url":"https://0a.fit/X000",
       "name":"线路21"
      },
      {
        "url":"http://52bsj.vip:81/api/v3/file/get/41063/bili.json?sign=TxuApYZt6bNl9TzI7vObItW34UnATQ4RQxABAEwHst4%3D%3A0",
       "name":"线路22"
      },
      {
        "url":"https://ghproxy.com/https://raw.githubusercontent.com/chengxueli818913/maoTV/main/44.txt",
       "name":"线路23"
      },
      {
        "url":"https://raw.liucn.cc/box/m.json",
       "name":"线路24"
      },
      
      {
        "url":"http://home.jundie.top:81/TVBox/yosakoi.json",
       "name":"线路25"
      },
      {
        "url":"http://xn--4bra.live/%E7%8C%AB",
       "name":"线路26"
      },
      {
        "url":"http://c.nxw.so/6Jvi4",
       "name":"线路27"
      },
      {
        "url":"http://wp.anxwl.cn/down.php/279a2174e2ba2f0d34002af90e94ec2e.txt&zn777",
       "name":"线路28"
      },
     
      {
        "url":"http://0454dt.com/tvbox",
       "name":"线路29"
      },
      
      {
        "url":"http://maoyingshi.cc/tvbox/%E4%BA%91%E6%98%9F%E6%97%A5%E8%AE%B0/1.m3u8",
       "name":"线路30"
      },
      {
        "url":"https://raw.githubusercontent.com/chengxueli818913/TVBox/main/sc.json",
       "name":"线路31"
      },
      {
        "url":"https://od.lk/d/MThfMzYzOTY5MTFf/XC.txt",
       "name":"线路32"
      },
      
      {
        "url":"http://152.136.125.181:81/MM/dianbos/xianlu00.json",
       "name":"线路33"
      },
      {
        "url":"http://152.136.125.181:81/MM/dianbos/junbujianPro.json",
       "name":"线路34"
      },
      {
        "url":"http://152.136.125.181:81/MM/dianbos/zhoushijie.json",
       "name":"线路35"
      },
      {
        "url":"http://152.136.125.181:81/MM/dianbos/yeshijieB.json",
       "name":"线路36"
      },
      {
        "url":"http://120.53.102.254/tvb/",
       "name":"线路37"
      },
      {
        "url":"http://刚刚.live/猫.json",
       "name":"线路38"
      },
      {
        "url":"http://maoyingshi.cc/tvbox/云星日记/ali.m3u8",
       "name":"线路39"
      },
      {
        "url":"https://0dlj.cn/丰富点",
       "name":"线路40"
      },
      {
        "url":"https://agit.ai/66666/mao/raw/branch/master/00/000.m3u8",
       "name":"线路41"
      },
      
      {
        "url":"https://agit.ai/66666/mao/raw/branch/master/00/999.m3u8",
       "name":"线路42"
      },
      {
        "url":"https://raw.fastgit.org/liu673cn/box/main/m.json",
       "name":"线路43"
      },
      {
        "url":"https://agit.ai/nbwzlyd/xiaopingguo/raw/branch/master/xiaopingguo/xiaopingguo.json",
       "name":"线路44"
      },
      {
        "url":"https://pastebin.com/raw/FSLJXZN5",
       "name":"线路45"
      },
      {
        "url":"http://xn--4bra.live/猫",
       "name":"线路46"
      },
      {
        "url":"http://刚刚.live/A佬",
       "name":"线路47"
      },
      {
        "url":"http://xn--4bra.live/A佬",
       "name":"线路48"
      },
      {
        "url":"https://raw.fastgit.org/hjcmcn/z/main/16.json",
       "name":"线路49"
      },
      {
        "url":"https://raw.fastgit.org/chengxueli818913/maoTV/main/33.txt",
       "name":"线路50"
      },
      {
        "url":"http://api.xiaoz.fit/1.json",
       "name":"线路51"
      },
      {
        "url":"https://gitee.com/jjjsndjdjjjjd/tv-storage/raw/master/tv.txt",
       "name":"线路52"
      },
      {
        "url":"https://84k.cn/tvmao",
       "name":"线路53"
      },
      {
        "url":"https://www.fastmock.site/mock/1d52adb084c96725525077ce7380de4c/tv/bd",
       "name":"线路54"
      },
      {
        "url":"https://dlj2.cn/星辰影视",
       "name":"线路55"
      },
      {
        "url":"https://dlj2.cn/77",
       "name":"线路56"
      },
      {
        "url":"https://dlj2.cn/自用",
       "name":"线路57"
      },
      {
        "url":"https://dlj2.cn/ch",
       "name":"线路58"
      },
      {
        "url":"https://cdn.staticaly.com/gh/liu673cn/box/main/m.json",
       "name":"线路59"
      },
      {
        "url":"https://freed.yuanhsing.cf/TVBox/meowcf.json",
       "name":"线路60"
      },
      {
        "url":"https://github.com/YuanHsing/freed/raw/master/TVBox/meow.json",
       "name":"线路61"
      },
      {
        "url":"https://liu673cn.github.io/box/m.json",
       "name":"线路62"
      },
      {
        "url":"http://52bsj.vip:81/api/v3/file/get/29899/box2.json?sign=3cVyKZQr3lFAwdB3HK-A7h33e0MnmG6lLB9oWlvSNnM%3D%3A0",
       "name":"线路63"
      },
      {
        "url":"https://e40.cn/yyds",
       "name":"线路64"
      },
      {
        "url":"https://agit.ai/Yoursmile7/TVBox/raw/branch/master/XC.json",
       "name":"线路65"
      },
      {
        "url":"https://maoyingshi.cc/tvbox/云星日记/1.m3u8",
       "name":"线路66"
      },
      {
        "url":"https://agit.ai/lsk617/y/raw/branch/master/X.json",
       "name":"线路67"
      },
      {
        "url":"https://raw.iqiq.io/kebedd69/TVbox-interface/main/甜蜜.json",
       "name":"线路68"
      },
      {
        "url":"https://raw.fastgit.org/once678/looktv/main/tvbox8.json",
       "name":"线路69"
      },
      {
        "url":"https://raw.iqiq.io/kebedd69/TVbox-interface/main/%E7%94%9C%E8%9C%9C.json",
       "name":"线路70"
      },
      {
        "url":"http://120.53.102.254/tvb",
       "name":"线路71"
      },
      {
        "url":"https://agit.ai/leevi/apps/raw/branch/main/debug.json",
       "name":"线路72"
      },
      {
        "url":"https://demo.ifile.space/sdown/CXaaQlrMYw/391b50fc4bcded73f3fa72e16b015586ca3203ed/%E6%B5%8B%E8%AF%95ifile_9.16.txt",
       "name":"线路73"
      },
     
      {
        "url":"https://agit.ai/66666/mao/raw/commit/594f59504412e4ea234d9091dc86a5e0390a80eb/00/999.m3u8",
       "name":"线路74"
      },
      
      {
        "url":"http://47.242.90.42:8888/down/BJZPa8THuiE9",
       "name":"线路75"
      },
      {
        "url":"https://dxawi.github.io/0/0.json",
       "name":"线路76"
      },
      {
        "url":"http://刚刚.live/猫",
       "name":"线路77"
      },
      
      {
        "url":"https://0a.fit/自用",
       "name":"线路78"
      },
      {
        "url":"https://freetvbox.ml/api/qy.txt",
       "name":"线路79"
      },
      {
        "url":"https://out.zxglife.top/down.php/5da920895444ba485dde96b5425b8a67.txt",
       "name":"线路80"
      },
      
      {
        "url":"https://ghproxy.com/https://raw.githubusercontent.com/liu673cn/box/main/m.json",
       "name":"线路81"
      },
      {
        "url":"http://miaotvs.cn/osc",
       "name":"线路82"
      },
      
   
      {
        "url":"https://agit.ai/xx03253/xxu/raw/branch/main/xxtv.json",
       "name":"线路83"
      },
      {
        "url":"https://agit.ai/hu/hcr/raw/branch/master/MMM.txt",
       "name":"线路84"
      },
      {
        "url":"https://pastebin.com/raw/RAHbbAVa",
       "name":"线路85"
      },
    
      {
        "url":"https://ygyzy.github.io/api/box/box.json",
       "name":"线路86"
      },
      {
        "url":"https://cdn.staticaly.com/gh/XuQqu/PinkBird/main/normal.json",
       "name":"线路87"
      },
      {
        "url":"http://maoyingshi.cc/tvbox/云星日记/bili.json",
       "name":"线路88"
      },
      {
        "url":"https://maoyingshi.cc/tvbox/云星日记/ali.m3u8",
       "name":"线路89"
      },
      {
        "url":"https://maoyingshi.cc/tvbox/云星日记/bili.json",
       "name":"线路90"
      },
     
      {
        "url":"https://agit.ai/n/b/raw/branch/a/b/c.json",
       "name":"线路91"
      },
      {
        "url":"https://raw.iqiq.io/liu673cn/box/main/m.json",
       "name":"线路92"
      },
      {
        "url":"http://maoyingshi.cc/tvbox/云星日记/1.m3u8",
       "name":"线路93"
      },
      {
        "url":"http://www.dmtv.ml/mao/single.json",
       "name":"线路94"
      },
      {
        "url":"http://43.139.29.179:5705/config/2",
       "name":"线路95"
      },
      {
        "url":"https://0a.fit/8888",
       "name":"线路96"
      },
      {
        "url":"https://0a.fit/2222",
       "name":"线路97"
      },
      {
        "url":"http://52bsj.vip:98/sansan",
       "name":"线路98"
      },
      {
        "url":"http://52bsj.vip:98/6l",
       "name":"线路99"
      },
      {
        "url":"http://52bsj.vip:98/92",
       "name":"线路100"
      },
      {
        "url":"https://0a.fit/CuSJy",
       "name":"线路101"
      },
      {
        "url":"http://52bsj.vip:98/9c",
       "name":"线路102"
      }
    ]
    
}	  