{
"作者":"熊猫是只肥猫",
"站名":"映迷",
"免嗅":"1",
"主页url":"https://www.inmi.app",
"二次截取":"默认--評分排序&&fixedGroup||首页--module-poster-items-base&&電影",
/*
"图片":"data-original=\"&&\"",
"标题":"title=\"&&\"",
"链接":"href=\"&&\"",
"副标题":"class=\"module-item-note\">&&</div>",
"线路数组":"data-dropdown-value=&&</div>",
*/
"线路标题":"<span>&&</small>[替换:</span><small>>>♡]+集♡",
"线路数组":"data-dropdown-value=&&</div>[排序:多多]",
"播放数组":"class=\"module-play-list\"&&</div>",
"影片类型":"<div class=\"module-info-tag\">&&</span>",
"导演":"導演：&&</div>",
"主演":"主演：&&</div>",
"简介":"module-info-content\">&&</div>",
"分类url":"https://www.inmi.app/index.php/vod/show/area/{area}/by/{by}/class/{class}/id/{cateId}/page/{catePg}/year/{year}.html",
"分类":"电影$20#电视剧$21#动漫$22#综艺$23",
"筛选":
{
"20":[
{
"key":"class",
"name":"劇情",
"value":[
{"n":"全部","v":""},
{"n":"爱情","v":"爱情"},
{"n":"动作","v":"动作"},
{"n":"喜剧","v":"喜剧"},
{"n":"动作","v":"动作"},
{"n":"战争","v":"战争"},
{"n":"科幻","v":"科幻"},
{"n":"剧情","v":"剧情"},
{"n":"武侠","v":"武侠"},
{"n":"冒险","v":"冒险"},
{"n":"枪战","v":"枪战"},
{"n":"恐怖","v":"恐怖"},
{"n":"微电影","v":"微电影"},
{"n":"其它","v":"其它"}
]
},
{
"key":"area",
"name":"地區",
"value":[
{"n":"全部","v":""},
{"n":"大陸","v":"大陸"},
{"n":"台灣","v":"台灣"},
{"n":"台湾","v":"台湾"},
{"n":"美國","v":"美國"},
{"n":"韓國","v":"韓國"},
{"n":"日本","v":"日本"},
{"n":"泰國","v":"泰國"},
{"n":"新加坡","v":"新加坡"},
{"n":"馬來西亞","v":"馬來西亞"},
{"n":"印度","v":"印度"},
{"n":"英國","v":"英國"},
{"n":"法國","v":"法國"},
{"n":"加拿大","v":"加拿大"},
{"n":"西班牙","v":"西班牙"},
{"n":"俄羅斯","v":"俄羅斯"},
{"n":"其它","v":"其它"}
]
},
{
"key":"lang",
"name":"語言",
"value":[
{"n":"全部","v":""},
{"n":"國語","v":"國語"},
{"n":"英語","v":"英語"},
{"n":"粵語","v":"粵語"},
{"n":"閩南語","v":"閩南語"},
{"n":"韓語","v":"韓語"},
{"n":"日語","v":"日語"},
{"n":"法語","v":"法語"},
{"n":"德語","v":"德語"},
{"n":"泰語","v":"泰語"},
{"n":"俄語","v":"俄語"},
{"n":"其它","v":"其他"}
]
},
{
"key":"year",
"name":"年份",
"value":[
{"n":"全部","v":""},
{"n":"2023","v":"2023"},
{"n":"2022","v":"2022"},
{"n":"2021","v":"2021"},
{"n":"2020","v":"2020"},
{"n":"2019","v":"2019"},
{"n":"2018","v":"2018"},
{"n":"2017","v":"2017"},
{"n":"2016","v":"2016"},
{"n":"2015","v":"2015"},
{"n":"2014","v":"2014"},
{"n":"2013","v":"2013"},
{"n":"2012","v":"2012"},
{"n":"2011","v":"2011"},
{"n":"2010","v":"2010"},
{"n":"2009","v":"2009"},
{"n":"2008","v":"2008"},
{"n":"2007","v":"2007"},
{"n":"2006","v":"2006"},
{"n":"2005","v":"2005"},
{"n":"2004","v":"2004"},
{"n":"2003","v":"2003"},
{"n":"2002","v":"2002"},
{"n":"2001","v":"2001"},
{"n":"2000","v":"2000"}
]
},
{
"key":"by",
"name":"排序",
"value":[
{"n":"全部","v":""},
{"n":"按時間排序","v":"time"},
{"n":"按人氣排序","v":"hits"},
{"n":"按評分排序","v":"score"}
]
}
], 
"21":[

{
"key":"class",
"name":"劇情",
"value":[
{"n":"全部","v":""},
{"n":"爱情","v":"爱情"},
{"n":"动作","v":"动作"},
{"n":"喜剧","v":"喜剧"},
{"n":"动作","v":"动作"},
{"n":"战争","v":"战争"},
{"n":"科幻","v":"科幻"},
{"n":"剧情","v":"剧情"},
{"n":"武侠","v":"武侠"},
{"n":"冒险","v":"冒险"},
{"n":"枪战","v":"枪战"},
{"n":"恐怖","v":"恐怖"},
{"n":"微电影","v":"微电影"},
{"n":"其它","v":"其它"}
]
},
{
"key":"area",
"name":"地區",
"value":[
{"n":"全部","v":""},
{"n":"大陸","v":"大陸"},
{"n":"台灣","v":"台灣"},
{"n":"台湾","v":"台湾"},
{"n":"美國","v":"美國"},
{"n":"韓國","v":"韓國"},
{"n":"日本","v":"日本"},
{"n":"泰國","v":"泰國"},
{"n":"新加坡","v":"新加坡"},
{"n":"馬來西亞","v":"馬來西亞"},
{"n":"印度","v":"印度"},
{"n":"英國","v":"英國"},
{"n":"法國","v":"法國"},
{"n":"加拿大","v":"加拿大"},
{"n":"西班牙","v":"西班牙"},
{"n":"俄羅斯","v":"俄羅斯"},
{"n":"其它","v":"其它"}
]
},
{
"key":"lang",
"name":"語言",
"value":[
{"n":"全部","v":""},
{"n":"國語","v":"國語"},
{"n":"英語","v":"英語"},
{"n":"粵語","v":"粵語"},
{"n":"閩南語","v":"閩南語"},
{"n":"韓語","v":"韓語"},
{"n":"日語","v":"日語"},
{"n":"法語","v":"法語"},
{"n":"德語","v":"德語"},
{"n":"泰語","v":"泰語"},
{"n":"俄語","v":"俄語"},
{"n":"其它","v":"其他"}
]
},
{
"key":"year",
"name":"年份",
"value":[
{"n":"全部","v":""},
{"n":"2023","v":"2023"},
{"n":"2022","v":"2022"},
{"n":"2021","v":"2021"},
{"n":"2020","v":"2020"},
{"n":"2019","v":"2019"},
{"n":"2018","v":"2018"},
{"n":"2017","v":"2017"},
{"n":"2016","v":"2016"},
{"n":"2015","v":"2015"},
{"n":"2014","v":"2014"},
{"n":"2013","v":"2013"},
{"n":"2012","v":"2012"},
{"n":"2011","v":"2011"},
{"n":"2010","v":"2010"},
{"n":"2009","v":"2009"},
{"n":"2008","v":"2008"},
{"n":"2007","v":"2007"},
{"n":"2006","v":"2006"},
{"n":"2005","v":"2005"},
{"n":"2004","v":"2004"},
{"n":"2003","v":"2003"},
{"n":"2002","v":"2002"},
{"n":"2001","v":"2001"},
{"n":"2000","v":"2000"}
]
},
{
"key":"by",
"name":"排序",
"value":[
{"n":"全部","v":""},
{"n":"按時間排序","v":"time"},
{"n":"按人氣排序","v":"hits"},
{"n":"按評分排序","v":"score"}
]
}
],
"22":[

    {
    "key":"class",
    "name":"劇情",
    "value":[
    {"n":"全部","v":""},
    {"n":"爱情","v":"爱情"},
    {"n":"动作","v":"动作"},
    {"n":"喜剧","v":"喜剧"},
    {"n":"动作","v":"动作"},
    {"n":"战争","v":"战争"},
    {"n":"科幻","v":"科幻"},
    {"n":"剧情","v":"剧情"},
    {"n":"武侠","v":"武侠"},
    {"n":"冒险","v":"冒险"},
    {"n":"枪战","v":"枪战"},
    {"n":"恐怖","v":"恐怖"},
    {"n":"微电影","v":"微电影"},
    {"n":"其它","v":"其它"}
    ]
    },
    {
    "key":"area",
    "name":"地區",
    "value":[
    {"n":"全部","v":""},
    {"n":"大陸","v":"大陸"},
    {"n":"台灣","v":"台灣"},
    {"n":"台湾","v":"台湾"},
    {"n":"美國","v":"美國"},
    {"n":"韓國","v":"韓國"},
    {"n":"日本","v":"日本"},
    {"n":"泰國","v":"泰國"},
    {"n":"新加坡","v":"新加坡"},
    {"n":"馬來西亞","v":"馬來西亞"},
    {"n":"印度","v":"印度"},
    {"n":"英國","v":"英國"},
    {"n":"法國","v":"法國"},
    {"n":"加拿大","v":"加拿大"},
    {"n":"西班牙","v":"西班牙"},
    {"n":"俄羅斯","v":"俄羅斯"},
    {"n":"其它","v":"其它"}
    ]
    },
    {
    "key":"lang",
    "name":"語言",
    "value":[
    {"n":"全部","v":""},
    {"n":"國語","v":"國語"},
    {"n":"英語","v":"英語"},
    {"n":"粵語","v":"粵語"},
    {"n":"閩南語","v":"閩南語"},
    {"n":"韓語","v":"韓語"},
    {"n":"日語","v":"日語"},
    {"n":"法語","v":"法語"},
    {"n":"德語","v":"德語"},
    {"n":"泰語","v":"泰語"},
    {"n":"俄語","v":"俄語"},
    {"n":"其它","v":"其他"}
    ]
    },
    {
    "key":"year",
    "name":"年份",
    "value":[
    {"n":"全部","v":""},
    {"n":"2023","v":"2023"},
    {"n":"2022","v":"2022"},
    {"n":"2021","v":"2021"},
    {"n":"2020","v":"2020"},
    {"n":"2019","v":"2019"},
    {"n":"2018","v":"2018"},
    {"n":"2017","v":"2017"},
    {"n":"2016","v":"2016"},
    {"n":"2015","v":"2015"},
    {"n":"2014","v":"2014"},
    {"n":"2013","v":"2013"},
    {"n":"2012","v":"2012"},
    {"n":"2011","v":"2011"},
    {"n":"2010","v":"2010"},
    {"n":"2009","v":"2009"},
    {"n":"2008","v":"2008"},
    {"n":"2007","v":"2007"},
    {"n":"2006","v":"2006"},
    {"n":"2005","v":"2005"},
    {"n":"2004","v":"2004"},
    {"n":"2003","v":"2003"},
    {"n":"2002","v":"2002"},
    {"n":"2001","v":"2001"},
    {"n":"2000","v":"2000"}
    ]
    },
    {
    "key":"by",
    "name":"排序",
    "value":[
    {"n":"全部","v":""},
    {"n":"按時間排序","v":"time"},
    {"n":"按人氣排序","v":"hits"},
    {"n":"按評分排序","v":"score"}
    ]
    }
],
"23":[

    {
    "key":"class",
    "name":"劇情",
    "value":[
    {"n":"全部","v":""},
    {"n":"爱情","v":"爱情"},
    {"n":"动作","v":"动作"},
    {"n":"喜剧","v":"喜剧"},
    {"n":"动作","v":"动作"},
    {"n":"战争","v":"战争"},
    {"n":"科幻","v":"科幻"},
    {"n":"剧情","v":"剧情"},
    {"n":"武侠","v":"武侠"},
    {"n":"冒险","v":"冒险"},
    {"n":"枪战","v":"枪战"},
    {"n":"恐怖","v":"恐怖"},
    {"n":"微电影","v":"微电影"},
    {"n":"其它","v":"其它"}
    ]
    },
    {
    "key":"area",
    "name":"地區",
    "value":[
    {"n":"全部","v":""},
    {"n":"大陸","v":"大陸"},
    {"n":"台灣","v":"台灣"},
    {"n":"台湾","v":"台湾"},
    {"n":"美國","v":"美國"},
    {"n":"韓國","v":"韓國"},
    {"n":"日本","v":"日本"},
    {"n":"泰國","v":"泰國"},
    {"n":"新加坡","v":"新加坡"},
    {"n":"馬來西亞","v":"馬來西亞"},
    {"n":"印度","v":"印度"},
    {"n":"英國","v":"英國"},
    {"n":"法國","v":"法國"},
    {"n":"加拿大","v":"加拿大"},
    {"n":"西班牙","v":"西班牙"},
    {"n":"俄羅斯","v":"俄羅斯"},
    {"n":"其它","v":"其它"}
    ]
    },
    {
    "key":"lang",
    "name":"語言",
    "value":[
    {"n":"全部","v":""},
    {"n":"國語","v":"國語"},
    {"n":"英語","v":"英語"},
    {"n":"粵語","v":"粵語"},
    {"n":"閩南語","v":"閩南語"},
    {"n":"韓語","v":"韓語"},
    {"n":"日語","v":"日語"},
    {"n":"法語","v":"法語"},
    {"n":"德語","v":"德語"},
    {"n":"泰語","v":"泰語"},
    {"n":"俄語","v":"俄語"},
    {"n":"其它","v":"其他"}
    ]
    },
    {
    "key":"year",
    "name":"年份",
    "value":[
    {"n":"全部","v":""},
    {"n":"2023","v":"2023"},
    {"n":"2022","v":"2022"},
    {"n":"2021","v":"2021"},
    {"n":"2020","v":"2020"},
    {"n":"2019","v":"2019"},
    {"n":"2018","v":"2018"},
    {"n":"2017","v":"2017"},
    {"n":"2016","v":"2016"},
    {"n":"2015","v":"2015"},
    {"n":"2014","v":"2014"},
    {"n":"2013","v":"2013"},
    {"n":"2012","v":"2012"},
    {"n":"2011","v":"2011"},
    {"n":"2010","v":"2010"},
    {"n":"2009","v":"2009"},
    {"n":"2008","v":"2008"},
    {"n":"2007","v":"2007"},
    {"n":"2006","v":"2006"},
    {"n":"2005","v":"2005"},
    {"n":"2004","v":"2004"},
    {"n":"2003","v":"2003"},
    {"n":"2002","v":"2002"},
    {"n":"2001","v":"2001"},
    {"n":"2000","v":"2000"}
    ]
    },
    {
    "key":"by",
    "name":"排序",
    "value":[
    {"n":"全部","v":""},
    {"n":"按時間排序","v":"time"},
    {"n":"按人氣排序","v":"hits"},
    {"n":"按評分排序","v":"score"}
    ]
    }
]
}
}