{
    "规则名": "pipiya",
    "规则作者": "xx",
    "请求头参数": "User-Agent$PC_UA",
    "网页编码格式": "UTF-8",
    "是否开启获取首页数据": "1",
    "首页推荐链接": "https://www.pipiya.cc/",
    "首页列表数组规则": "body&&.list-vod",
    "首页片单列表数组规则": ".public-list-box",
    "首页片单是否Jsoup写法": "1",
    "首页片单标题": "a&&title",
    "首页片单链接": "a&&href",
    "首页片单图片": ".lazy&&data-original",
    "首页片单副标题": ".public-list-prb&&Text",
    "首页片单链接加前缀": "https://www.pipiya.cc",
    "分类起始页码": "1",
    "分类链接": "https://www.pipiya.cc/vodtype/{cateId}/area/{area}/class/{class}/year/{year}.html",
    "分类名称": "电影&国产剧&美剧&日韩剧&泰剧&其他剧&动漫",
    "分类名称替换词": "20&26&21&28&24&27&25",
    "筛选数据": "ext",
    "筛选地区名称": "大陆&香港&台湾&美国&韩国&日本&法国&英国&德国&泰国&印度&西班牙&意大利&加拿大&其他",
    "筛选地区替换词": "*",
    "筛选年份名称": "2023&2022&2021&2020&2019&2018&2017&2016&2015&2014&2013&2012&2011&2010&2009&2008&2007&2006&2005&2004",
    "筛选排序名称": "时间&人气&评分",
    "筛选排序替换词": "time&hits&score",
    "分类截取模式": "1",
    "分类列表数组规则": "body&&.list-vod&&.public-list-box",
    "分类片单是否Jsoup写法": "1",
    "分类片单标题": "a&&title",
    "分类片单链接": "a&&href",
    "分类片单图片": ".lazy&&data-original",
    "分类片单副标题": ".public-list-prb&&Text",
    "分类片单链接加前缀": "https://www.pipiya.cc",
    "搜索请求头参数": "User-Agent$PC_UA",
    "搜索链接": "https://www.pipiya.cc/vodsearch.html?wd={wd}",
    "POST请求数据": "",
    "搜索截取模式": "1",
    "搜索列表数组规则": "body&&.search-box.flex.rel",
    "搜索片单是否Jsoup写法": "1",
    "搜索片单图片": ".lazy&&data-original",
    "搜索片单标题": ".thumb-txt.cor4.hide&&Text",
    "搜索片单链接": ".public-list-exp&&href",
    "搜索片单副标题": ".public-list-prb.hide.ft2&&Text",
    "搜索片单链接加前缀": "https://www.pipiya.cc",
    "搜索片单链接加后缀": "",
    "链接是否直接播放": "0",
    "直接播放链接加前缀": "https://www.pipiya.cc",
    "直接播放链接加后缀": "#isVideo=true#",
    "直接播放直链视频请求头": "",
    "详情是否Jsoup写法": "1",
    "类型详情": ".slide-info,3&&Text!类型 :",
    "年代详情": ".slide-info,0&&.slide-info-remarks,1&&Text",
    "地区详情": ".slide-info,0&&.slide-info-remarks,2&&Text",
    "演员详情": ".slide-info,2&&Text!演员 :",
    "简介详情": "#height_limit&&Text",
    "线路列表数组规则": "body&&.nav-swiper&&a",
    "线路标题": "Text!",
    "播放列表数组规则": "body&&.anthology-list-play",
    "选集列表数组规则": "li",
    "选集标题链接是否Jsoup写法": "1",
    "选集标题": "a&&Text",
    "选集链接": "a&&href",
    "是否反转选集序列": "0",
    "选集链接加前缀": "https://www.pipiya.cc",
    "选集链接加后缀": "",
    "分析MacPlayer": "0",
    "是否开启手动嗅探": "1",
    "手动嗅探视频链接关键词": ".mp4#.m3u8#.flv#.m3u8?#vkey=",
    "手动嗅探视频链接过滤词": ".html#=http#=https"
}