{//qq频道:TVBox本地包https://qun.qq.com/qqweb/qunpro/share?inviteCode=1XBvP1xJJY9，tg频道 https://t.me/TVBox_local,tg群@tvboxlocal
  "sites": [    {      "key": "js豆瓣",      "name": "🐼┃豆瓣┃免费接口，内置贩卖可耻。",      "type": 3,      "api": "./js/drpy.min.js",      "ext": "./js/js_drpy.js",      "searchable": 0,      "quickSearch": 0,      "filterable": 0    },    {      "key": "csp_XYQ_lu1",      "name": "🐼┃电视┃直播",      "type": 3,      "api": "csp_XYQHiker",      "searchable": 1,      "quickSearch": 1,      "filterable": 0,      "ext": "./XYQHiker/ningmeng.json"    },    {      "key": "csp_BuLei",      "name": "🍩┃布雷┃影视",      "type": 3,      "api": "csp_BuLei",      "searchable": 1,      "quickSearch": 1,      "filterable": 1,      "m3u8ads": "wan.51img1.com"    },    {      "key": "YQK_spider",      "name": "🏃┃一起┃电视",      "api": "csp_YQKAPP",      "type": 3,      "filterable": 1,      "playerType": 2,      "quickSearch": 1,      "searchable": 1,      "ext": "https://api-tx.shumaxc.xyz",      "jar": "./qq2.jar;md5;4e872e4aa2d4f8b6f4ffbc11e6b3e1a1"    },    {      "key": "Alist1",      "name": "🅿┃Alis┃网盘",      "type": 3,      "api": "./js/alist.min.js",      "ext": "./js/alist.json"    },    {      "key": "Alist2",      "name": "🅿┃Alis┃搜索",      "type": 3,      "api": "csp_AList",      "searchable": 1,      "filterable": 1,      "ext": "./AList/alist3.json",      "jar": "./Alist3.jar;md5;906b337d4b4baef13292d004e5fd8f9b"    },    {      "key": "csp_Paper",      "name": "📜┃纸条┃云盘",      "type": 3,      "api": "csp_Paper",      "searchable": 1,      "quickSearch": 1,      "filterable": 1,      "changeable": 0,      "ext": "http://我不是.肥猫.love:63/toｋen.php"    },    {      "key": "csp_GitCafe",      "name": "📜┃纸条┃雲盘",      "type": 3,      "api": "csp_Gitcafe",      "searchable": 1,      "quickSearch": 1,      "filterable": 1,      "changeable": 0,      "ext": "http://我不是.肥猫.love:63/toｋen.php"    },    {      "key": "在线┃直播",      "name": "📺┃在线┃直播",      "type": 3,      "api": "csp_Yj1211",      "searchable": 1,      "quickSearch": 1,      "filterable": 1    },    {      "key": "csp_XBPQ新视觉",      "name": "🌟┃视觉┃影视",      "type": 3,      "api": "csp_XBPQ",      "searchable": 1,      "quickSearch": 1,      "filterable": 0,      "ext": "./XBPQ/新视觉影院.json"    },    {      "key": "csp_Kunyu77",      "name": "🌈┃七七┃影视",      "type": 3,      "api": "csp_Kunyu77",      "searchable": 1,      "quickSearch": 1,      "filterable": 1    },    {      "key": "Kuaikan",      "name": "👀┃快看┃影视",      "type": 3,      "api": "csp_Kuaikan",      "searchable": 1,      "quickSearch": 1,      "filterable": 1    },    {      "key": "csp_app_源头",      "name": "🐈┃肥猫┃影院",      "type": 1,      "api": "http://我是.肥猫.love:63/api.php/provide/vod/?ac=list",      "searchable": 1,      "quickSearch": 1,      "filterable": 1,      "playurl": "https://json.xn--9kq078cdn3a.cc/api/?key=694138485bf1110c147f85d92e86edc3&url="    },    {      "key": "csp_AppTT",      "name": "🐰┃图图┃影视",      "type": 3,      "api": "csp_AppTT2",      "playerType": 2,      "searchable": 1,      "quickSearch": 1,      "filterable": 1,      "ext": "http://103.239.101.244:6677$$$U1JLI2UlNFVZdFUjS2lFbyp2c1BxcHIwY0M0YnhBUVc=$$$bzZzWW1tKng1aG4jcmNDdA=="    },    {      "key": "Czsapp",      "name": "🏭┃厂长┃影视",      "type": "3",      "api": "csp_Czsapp",      "searchable": "1",      "quickSearch": "1",      "filterable": "1"    },    {      "key": "csp_Lib",      "name": "💫┃Lib┃影视",      "type": 3,      "api": "csp_Lib",      "searchable": 1,      "playerType": 2,      "quickSearch": 1,      "filterable": 0    },    {      "key": "Lezhu",      "name": "🐷┃乐猪┃影视",      "api": "csp_XBPQ",      "type": 3,      "filterable": 1,      "quickSearch": 1,      "searchable": 1,      "ext": "./XBPQ/乐猪.json"    },    {      "key": "csp_apple",      "name": "🍎┃苹果┃影视",      "type": 3,      "api": "csp_LiteApple",      "playerType": 1,      "searchable": 1,      "quickSearch": 1,      "filterable": 1    },    {      "key": "csp_Smdyy",      "name": "🐴┃神马┃影视",      "type": 3,      "api": "csp_Smdyy",      "searchable": 1,      "quickSearch": 1,      "filterable": 1    },    {      "key": "XBPQ_Lgyy",      "name": "🌀┃蓝光┃影视",      "type": 3,      "api": "csp_XBPQ",      "searchable": 1,      "quickSearch": 1,      "filterable": 1,      "ext": "./XBPQ/蓝光影院.json"    },    {      "key": "XBPQ_fant",      "name": "🍙┃饭团┃影视",      "type": 3,      "api": "csp_XBPQ",      "filterable": 1,      "quickSearch": 1,      "searchable": 1,      "ext": "./XBPQ/饭团影视.json"    },    {      "key": "XBPQ_fant2",      "name": "🍙┃饭团┃影院",      "type": 3,      "api": "csp_XBPQ",      "filterable": 1,      "quickSearch": 1,      "searchable": 1,      "ext": "./XBPQ/饭团影院.json"    },    {      "key": "csp_Dy1010",      "name": "❤┃双十┃影视",      "type": 3,      "api": "csp_Dy1010",      "searchable": 1,      "quickSearch": 1,      "filterable": 1    },    {      "key": "csp_panghu",      "name": "🐯┃胖虎┃影视",      "type": 3,      "api": "csp_Panghu",      "searchable": 1,      "quickSearch": 1,      "filterable": 1    },    {      "key": "mtv_XBPQ_映迷影视",      "name": "🐾┃映迷┃影视",      "type": 3,      "api": "csp_XBPQ",      "searchable": 1,      "quickSearch": 1,      "filterable": 1,      "ext": "./XBPQ/映迷影院.json"    },    {      "key": "云播影视",      "name": "🏖┃云播┃影视",      "type": 3,      "api": "csp_XBPQ",      "searchable": 1,      "quickSearch": 1,      "filterable": 0,      "ext": "免嗅:1,分类url:http://www.tvyb03.com/vod/show/area/{area}/by/{by}/class/{class}/id/{cateId}/year/{year}.html"    },    {      "key": "csp_555",      "name": "5⃣┃555┃影视",      "type": 3,      "api": "csp_XBPQ",      "searchable": 1,      "quickSearch": 1,      "filterable": 0,      "ext": "./XBPQ/555.json"    },    {      "key": "嗯哩嗯哩",      "name": "🍖┃嗯哩┃影视",      "type": 3,      "api": "csp_XBPQ",      "searchable": 1,      "quickSearch": 1,      "filterable": 1,      "ext": "https://enlienli.com/vodshow/{cateId}-{area}-{by}-{class}-----{catePg}---{year}.html"    },    {      "key": "csp_XBPQ新大米",      "name": "🌾┃大米┃影视",      "type": 3,      "api": "csp_XBPQ",      "searchable": 1,      "quickSearch": 1,      "filterable": 0,      "ext": {        "分类": "电影$20#连续剧$21#综艺$22#动漫$23#福利$35",        "分类url": "https://www.lkfrp.com/vodshow/{cateId}-{area}-{by}-{class}-{lang}----{catePg}---{year}/pjax/YES.html"      }    },    {      "key": "csp_Nkdy",      "name": "🗽┃南柯┃影视",      "type": 3,      "api": "csp_Nkdy",      "searchable": 1,      "quickSearch": 1,      "filterable": 1    },    {      "key": "csp_Auete",      "name": "🏝┃Aue┃影视",      "type": 3,      "api": "csp_Auete",      "searchable": 1,      "quickSearch": 1,      "filterable": 1    },    {      "key": "csp_DiDuan",      "name": "⏮┃低端┃影视",      "type": 3,      "api": "csp_Ddrk",      "click": "ddys.tv;#vjsp>button",      "searchable": 1,      "quickSearch": 1,      "filterable": 0    },    {      "key": "drpy_js_奇珍异兽",      "name": "🐨┃爱奇┃官源",      "type": 3,      "api": "./js/drpy.min.js",      "ext": "./js/奇珍异兽.js"    },    {      "key": "teng",      "name": "🐧┃企鹅┃官源",      "type": 3,      "api": "csp_QQ",      "searchable": 1,      "quickSearch": 1,      "filterable": 1    },    {      "key": "csp_SP360",      "name": "📺┃360┃官源",      "type": 3,      "api": "csp_XBPQ",      "searchable": 1,      "quickSearch": 1,      "filterable": 1,      "ext": "./XBPQ/360影视.json"    },    {      "key": "MGT",      "name": "🍋┃芒果┃官源",      "type": 3,      "api": "csp_Mgtv",      "searchable": 1,      "quickSearch": 1,      "filterable": 1    },    {      "key": "csp_biubiu_voflix",      "name": "🌀┃Vof┃影视",      "type": 3,      "api": "csp_XBPQ",      "searchable": 1,      "quickSearch": 1,      "filterable": 1,      "ext": "./XBPQ/voflix.json"    },    {      "key": "csp_XBiu口袋影院",      "name": "📩┃口袋┃影视",      "type": 3,      "api": "csp_XBiu",      "ext": {        "homeUrl": "http://www.koudaitv.com/type/{cateId}-{catePg}.html",        "playlist": {          "sort": 1        }      }    },    {      "key": "csp_XBiu233动漫",      "name": "🦁┃233┃动漫",      "type": 3,      "api": "csp_XBiu",      "ext": "https://www.233dm.cc/show/{cateId}--------{catePg}---.html"    },    {      "key": "csp_XBiuCOKEMV",      "name": "🍬┃COK┃影视",      "type": 3,      "api": "csp_XBiu",      "ext": "https://cokemv.me/vodshow/{cateId}--------{catePg}---.html"    },    {      "key": "csp_Bd",      "name": "🎵┃哔滴┃影视",      "type": 3,      "api": "csp_Bdys01",      "searchable": 1,      "quickSearch": 1,      "filterable": 1    },    {      "key": "csp_Bttoo",      "name": "🔺┃Btto┃影视",      "api": "csp_Bttoo",      "type": 3,      "filterable": 1,      "quickSearch": 1,      "searchable": 1    },    {      "key": "农民",      "name": "🤴┃农民┃影视",      "type": 3,      "api": "csp_Nmys",      "searchable": 1,      "quickSearch": 1,      "filterable": 1,      "ext": "./Nmys/jwkui9su.json"    },    {      "key": "在线之家",      "name": "🎞┃在线┃之家",      "type": 3,      "api": "csp_Zxzj",      "searchable": 1,      "quickSearch": 1,      "filterable": 1    },    {      "key": "Dm84",      "name": "🦸┃动漫┃巴士",      "type": 3,      "api": "csp_Dm84",      "searchable": 1,      "quickSearch": 1,      "filterable": 1    },    {      "key": "Anime1",      "name": "🧟┃Ani┃影视",      "type": 3,      "api": "csp_Anime1",      "searchable": 1,      "quickSearch": 1,      "filterable": 1    },    {      "key": "csp_search_Yisou",      "name": "🐏┃易搜┃搜索",      "type": 3,      "api": "csp_YiSo",      "playerType": 1,      "searchable": 1,      "quickSearch": 1,      "filterable": 0,      "ext": "http://我不是.肥猫.love:63/toｋen.php"    },    {      "key": "csp_search_Zhaozy",      "name": "🐑┃资源┃搜索",      "type": 3,      "api": "csp_Zhaozy",      "playerType": 1,      "searchable": 1,      "quickSearch": 1,      "filterable": 0,      "ext": "http://我不是.肥猫.love:63/toｋen.php$$$xxooo$$$qq112233"    },    {      "key": "csp_search_Upyunso",      "name": "🐐┃云搜┃搜索",      "type": 3,      "api": "csp_UpYun",      "playerType": 1,      "searchable": 1,      "quickSearch": 1,      "filterable": 0,      "ext": "http://我不是.肥猫.love:63/toｋen.php"    },    {      "key": "csp_search_Alips",      "name": "🦌┃盘搜┃搜索",      "type": 3,      "api": "csp_PanSou",      "playerType": 1,      "searchable": 1,      "quickSearch": 1,      "filterable": 0,      "ext": "http://我不是.肥猫.love:63/toｋen.php"    },    {      "key": "csp_BBB",      "name": "┃哔哩┃合集",      "type": 3,      "api": "csp_Bili",      "searchable": 1,      "quickSearch": 0,      "filterable": 1,      "ext": "./Bili/bili.json"    },    {      "key": "csp_Bili",      "name": "┃哔哩┃合集",      "type": 3,      "api": "csp_Bili",      "searchable": 1,      "quickSearch": 0,      "filterable": 1,      "ext": "./Bili/bilibili_2.json"    },    {      "key": "演唱会",      "name": "┃哔哩┃音乐",      "type": 3,      "api": "csp_Bili",      "searchable": 0,      "quickSearch": 0,      "filterable": 1,      "ext": "./Bili/ych.json"    },    {      "key": "js虎牙",      "name": "🐅┃虎牙┃直播",      "type": 3,      "api": "./js/drpy.min.js",      "ext": "./js/虎牙直播.js",      "searchable": 0,      "quickSearch": 0,      "filterable": 0    },    {      "key": "csp_XYQBiu_斗鱼",      "name": "🐟┃斗鱼┃直播",      "type": 3,      "api": "csp_XYQBiu",      "searchable": 0,      "quickSearch": 0,      "filterable": 0,      "ext": "./XYQBiu/斗鱼直播.json"    },    {      "key": "csp_XBPQ_抓饭体育",      "name": "🤾┃抓饭┃体育",      "type": 3,      "api": "csp_XBPQ",      "searchable": 1,      "quickSearch": 1,      "filterable": 0,      "ext": "{\"分类url\":\"https://www.zhuafan.tech/sports-home/category/{cateId}\",\"分类\":\"全部$/all#足球$Football#篮球$Basketball#羽乒$Badminton#台球$Billiards#棒球$Baseball#户外$Outdoors#搏击$Wrestling#综合$Others#棋盘$Boardgame#电竞$Popular#网球$Tennis#排球$Volleyball#聊天$Chat#原声$Acoustic\",\"热门推荐\":\"1\",\"起始页\":\"1\",\"直接播放\":\"1\",\"数组\":\"{&&}\",\"图片\":\"imageUrl\\\":\\\"&&\\\"\",\"标题\":\"cname\\\":\\\"&&\\\"\",\"链接\":\"id\\\":\\\"&&\\\"\",\"链接前缀\":\"https://www.zhuafan.tech/\"}"    },    {      "key": "csp_XPath_企鹅体育",      "name": "🐧┃企鹅┃体育",      "type": 3,      "api": "csp_XPath",      "searchable": 0,      "quickSearch": 0,      "filterable": 0,      "ext": "./XPath/企鹅直播.json"    },    {      "key": "csp_XYQBiu_17看球",      "name": "⚽┃一七┃看球",      "type": 3,      "api": "csp_XYQBiu",      "searchable": 0,      "quickSearch": 0,      "filterable": 0,      "ext": "./XYQBiu/17看球.json"    },    {      "key": "dr_88看球",      "name": "🏀┃八八┃看球",      "type": 3,      "api": "./js/drpy.min.js",      "searchable": 0,      "quickSearch": 0,      "filterable": 0,      "ext": "./js/88看球.js"    },    {      "key": "drpy_js_JRKAN直播",      "name": "🏀┃JRS┃看球",      "type": 3,      "api": "./js/drpy.min.js",      "ext": "./js/JRKAN直播.js"    },    {      "key": "csp_XYQBiu_聚合短视频",      "name": "📽┃视频┃聚合",      "type": 3,      "api": "csp_XYQBiu",      "searchable": 0,      "quickSearch": 0,      "filterable": 0,      "ext": "./XYQBiu/分享短视频.json"    },    {      "key": "drpy_js_有声小说吧",      "name": "📻┃有声┃小说",      "type": 3,      "api": "./js/drpy.min.js",      "ext": "./js/有声小说吧.js",      "jar": "./JS.jar;md5;74a24673cc1587fa87ec2d1f43bfa4cb"    },    {      "key": "drpy_js_蜻蜓FM",      "name": "📻┃蜻蜓┃收音",      "type": 3,      "api": "./js/drpy.min.js",      "ext": "./js/蜻蜓FM.js",      "jar": "./JS.jar;md5;74a24673cc1587fa87ec2d1f43bfa4cb"    },    {      "key": "csp_trj",      "name": "✈┃唐人┃墙外",      "type": 3,      "api": "csp_Tangrenjie",      "searchable": 1,      "quickSearch": 1,      "filterable": 1    },    {      "key": "csp_If101",      "name": "✈┃If10┃墙外",      "type": 3,      "api": "csp_If101",      "searchable": 1,      "quickSearch": 1,      "filterable": 1    },    {      "key": "csp_Xiaoh",      "name": "✈┃小宝┃墙外",      "type": 3,      "api": "csp_Xiaoh",      "searchable": 1,      "quickSearch": 1,      "filterable": 1    },    {      "key": "儿童",      "name": "📚┃少儿┃教育",      "type": 3,      "api": "csp_Bili",      "searchable": 1,      "quickSearch": 1,      "filterable": 1,      "ext": "./Bili/少儿教育.json"    },    {      "key": "小学",      "name": "📚┃小学┃课堂",      "type": 3,      "api": "csp_Bili",      "searchable": 1,      "quickSearch": 1,      "filterable": 1,      "ext": "./Bili/小学课堂.json"    },    {      "key": "初中",      "name": "📚┃初中┃课堂",      "type": 3,      "api": "csp_Bili",      "searchable": 1,      "quickSearch": 1,      "filterable": 1,      "ext": "./Bili/初中课堂.json"    },    {      "key": "高中",      "name": "📚┃高中┃课堂",      "type": 3,      "api": "csp_Bili",      "searchable": 1,      "quickSearch": 1,      "filterable": 1,      "ext": "./Bili/高中课堂.json"    },    {      "key": "push_agent",      "name": "▶┃推送┃磁力",      "type": 3,      "api": "csp_Push",      "playerType": 1,      "searchable": 0,      "quickSearch": 0,      "filterable": 0,      "ext": "http://我不是.肥猫.love:63/toｋen.php"    },    {      "key": "zhansun",      "name": "小灰灰提醒:以下战损",      "type": 3,      "api": "",      "searchable": 0,      "quickSearch": 0,      "filterable": 0    },    {      "key": "csp_biubiu_影视工厂",      "name": "🎥┃影视┃工厂",      "type": 3,      "api": "csp_XBPQ",      "searchable": 1,      "quickSearch": 1,      "filterable": 0,      "ext": "./XBPQ/ysgc2.json"    },    {      "key": "local1",      "name": "本地化by小灰灰",      "type": 3,      "api": "",      "searchable": 0,      "quickSearch": 0,      "filterable": 0    },    {      "key": "local2",      "name": "Q频道搜:本地包",      "type": 3,      "api": "",      "searchable": 0,      "quickSearch": 0,      "filterable": 0    },    {      "key": "local3",      "name": "tg@TVBoxLocal",      "type": 3,      "api": "",      "searchable": 0,      "quickSearch": 0,      "filterable": 0    }  ],  "lives": [    {      "group": "redirect",      "channels": [        {          "name": "live",          "urls": [            "proxy://do=live&type=txt&ext=./zb.txt"          ]        }      ]    }  ],  "parses": [    {      "name": "Json轮询",      "type": 2,      "url": "Sequence"    },    {      "name": "Json并发",      "type": 2,      "url": "Parallel"    },    {      "name": "解析聚合",      "type": 3,      "url": "Demo"    },    {      "name": "瞄影嗅探",      "type": 0,      "url": "http://www.miaoys.cc/vip/?url="    },    {      "name": "星辰云解析",      "type": 1,      "url": "http://xn--wnup5g.xn--z7x900a.love:63/Art/analysis.php?v=",      "ext": {        "flag": [          "qq",          "腾讯",          "企鹅",          "IQiYi",          "qiyi",          "爱奇艺",          "奇艺",          "youku",          "YouKu",          "优酷",          "sohu",          "SoHu",          "搜狐",          "letv",          "LeShi",          "乐视",          "imgo",          "mgtv",          "MangGuo",          "芒果",          "SLYS4k",          "BYGA",          "luanzi",          "AliS",          "dxzy",          "bilibili",          "QEYSS",          "xigua",          "西瓜视频",          "腾讯视频",          "奇艺视频",          "优酷视频",          "芒果视频",          "乐视视频"        ]      }    },    {      "name": "喵喵喵？",      "type": 1,      "url": "https://jx.ccabc.cc/byg/?url=",      "ext": {        "flag": [          "qq",          "腾讯",          "企鹅",          "IQiYi",          "qiyi",          "爱奇艺",          "奇艺",          "youku",          "YouKu",          "优酷",          "sohu",          "SoHu",          "搜狐",          "letv",          "LeShi",          "乐视",          "imgo",          "mgtv",          "MangGuo",          "芒果",          "SLYS4k",          "BYGA",          "luanzi",          "AliS",          "dxzy",          "bilibili",          "QEYSS",          "xigua",          "西瓜视频",          "腾讯视频",          "奇艺视频",          "优酷视频",          "芒果视频",          "乐视视频"        ]      }    },    {      "name": "刚刚走过",      "type": 1,      "url": "http://jx.fuqizhishi.com:63/API.php?appkey=feimao&url=",      "header": {        "User-Agent": "Mozilla/5.0"      }    },    {      "name": "parwix稳定",      "type": 0,      "url": "https://jx.bozrc.com:4433/player/?url=",      "ext": {        "flag": [          "qq",          "腾讯",          "qiyi",          "iqiyi",          "爱奇艺",          "奇艺",          "youku",          "优酷",          "mgtv",          "芒果",          "letv",          "乐视",          "pptv",          "PPTV",          "sohu",          "bilibili",          "哔哩哔哩",          "哔哩"        ]      }    },    {      "name": "keyu",      "type": 1,      "url": "http://newjiexi.gotka.top/keyu3.php?url=",      "ext": {        "flag": [          "qq",          "腾讯",          "qiyi",          "爱奇艺",          "奇艺",          "youku",          "优酷",          "mgtv",          "芒果",          "letv",          "乐视",          "pptv",          "PPTV",          "sohu",          "bilibili",          "哔哩哔哩",          "哔哩"        ],        "header": {          "User-Agent": "okhttp/4.1.0"        }      }    }  ],  "flags": [    "youku",    "qq",    "QQ",    "iqiyi",    "qiyi",    "letv",    "sohu",    "tudou",    "pptv",    "PPTV",    "mgtv",    "ltnb",    "rx",    "SLYS4k",    "BYGA",    "luanzi",    "dxzy",    "QEYSS",    "aliyun",    "AliS",    "122",    "chuangying",    "CL4K",    "xfyun",    "wuduzy",    "wasu",    "bilibili",    "renrenmi",    "xmm",    "xigua",    "m1905",    "funshion",    "优酷",    "芒果",    "腾讯",    "爱奇艺",    "奇艺",    "哔哩哔哩",    "哔哩",    "西瓜视频",    "腾讯视频",    "奇艺视频",    "优酷视频",    "芒果视频",    "乐视视频"  ],  "ijk": [    {      "group": "软解码",      "options": [        {          "category": 4,          "name": "opensles",          "value": "0"        },        {          "category": 4,          "name": "overlay-format",          "value": "842225234"        },        {          "category": 4,          "name": "framedrop",          "value": "1"        },        {          "category": 4,          "name": "soundtouch",          "value": "1"        },        {          "category": 4,          "name": "start-on-prepared",          "value": "1"        },        {          "category": 1,          "name": "http-detect-range-support",          "value": "0"        },        {          "category": 2,          "name": "skip_loop_filter",          "value": "48"        },        {          "category": 4,          "name": "reconnect",          "value": "1"        },        {          "category": 4,          "name": "enable-accurate-seek",          "value": "0"        },        {          "category": 4,          "name": "mediacodec",          "value": "0"        },        {          "category": 4,          "name": "mediacodec-auto-rotate",          "value": "0"        },        {          "category": 4,          "name": "mediacodec-handle-resolution-change",          "value": "0"        },        {          "category": 4,          "name": "mediacodec-hevc",          "value": "0"        },        {          "category": 1,          "name": "dns_cache_timeout",          "value": "600000000"        }      ]    },    {      "group": "硬解码",      "options": [        {          "category": 4,          "name": "opensles",          "value": "0"        },        {          "category": 4,          "name": "overlay-format",          "value": "842225234"        },        {          "category": 4,          "name": "framedrop",          "value": "1"        },        {          "category": 4,          "name": "soundtouch",          "value": "1"        },        {          "category": 4,          "name": "start-on-prepared",          "value": "1"        },        {          "category": 1,          "name": "http-detect-range-support",          "value": "0"        },        {          "category": 1,          "name": "fflags",          "value": "fastseek"        },        {          "category": 2,          "name": "skip_loop_filter",          "value": "48"        },        {          "category": 4,          "name": "reconnect",          "value": "1"        },        {          "category": 4,          "name": "enable-accurate-seek",          "value": "0"        },        {          "category": 4,          "name": "mediacodec",          "value": "1"        },        {          "category": 4,          "name": "mediacodec-auto-rotate",          "value": "1"        },        {          "category": 4,          "name": "mediacodec-handle-resolution-change",          "value": "1"        },        {          "category": 4,          "name": "mediacodec-hevc",          "value": "1"        },        {          "category": 1,          "name": "dns_cache_timeout",          "value": "600000000"        }      ]    }  ],  "ads": [    "https://lf1-cdn-tos.bytegoofy.com/obj/tos-cn-i-dy/455ccf9e8ae744378118e4bd289288dd",    "mimg.0c1q0l.cn",    "www.googletagmanager.com",    "www.google-analytics.com",    "wan.51img1.com",    "mc.usihnbcq.cn",    "mg.g1mm3d.cn",    "mscs.svaeuzh.cn",    "cnzz.hhttm.top",    "tp.vinuxhome.com",    "cnzz.mmstat.com",    "www.baihuillq.com",    "s23.cnzz.com",    "z3.cnzz.com",    "c.cnzz.com",    "stj.v1vo.top",    "z12.cnzz.com",    "img.mosflower.cn",    "tips.gamevvip.com",    "ehwe.yhdtns.com",    "xdn.cqqc3.com",    "www.jixunkyy.cn",    "sp.chemacid.cn",    "hm.baidu.com",    "s9.cnzz.com",    "z6.cnzz.com",    "um.cavuc.com",    "mav.mavuz.com",    "wofwk.aoidf3.com",    "z5.cnzz.com",    "xc.hubeijieshikj.cn",    "tj.tianwenhu.com",    "xg.gars57.cn",    "k.jinxiuzhilv.com",    "cdn.bootcss.com",    "ppl.xunzhuo123.com",    "xomk.jiangjunmh.top",    "img.xunzhuo123.com",    "z1.cnzz.com",    "s13.cnzz.com",    "xg.huataisangao.cn",    "z7.cnzz.com",    "xg.huataisangao.cn",    "z2.cnzz.com",    "s96.cnzz.com",    "q11.cnzz.com",    "thy.dacedsfa.cn",    "xg.whsbpw.cn",    "s19.cnzz.com",    "z8.cnzz.com",    "s4.cnzz.com",    "f5w.as12df.top",    "ae01.alicdn.com",    "www.92424.cn",    "k.wudejia.com",    "vivovip.mmszxc.top",    "qiu.xixiqiu.com",    "cdnjs.hnfenxun.com",    "cms.qdwght.com"  ],  "wallpaper": "https://tool.weetai.cn/api",  "spider": "./panda230216.jar;md5;5761f54ccfe6157e49f2f980f51d26fd"}