{
  "spider": "clan://tvboxhh/1109fm/custom_spider.jar",
  "wallpaper": "http://www.kf666888.cn/api/tvbox/img",
  "lives": [
    {
      "name": "直播",
      "type": 0,
      "url": "clan://tvboxhh/1109fm/live.txt"
    }
  ],
  "sites": [
    {
      "key": "AList",
      "name": "AList",
      "type": 3,
      "api": "csp_AList",
      "searchable": 1,
      "filterable": 1,
      "ext": "clan://tvboxhh/1109fm/json/alist.json"
    },
    {
      "key": "哔哩",
      "name": "哔哩",
      "type": 3,
      "api": "csp_Bili",
      "searchable": 1,
      "filterable": 1,
      "ext": "clan://tvboxhh/1109fm/json/bili.json"
    },
    {
      "key": "泥巴",
      "name": "泥巴",
      "type": 3,
      "api": "csp_Nbys",
      "searchable": 1,
      "filterable": 1
    },
    {
      "key": "快播",
      "name": "快播",
      "type": 1,
      "api": "https://www.kuaibozy.com/api.php/provide/vod/",
      "searchable": 1,
      "filterable": 0,
      "categories": [
        "动漫",
        "国产剧",
        "日韩剧",
        "港台剧",
        "欧美剧",
        "泰剧",
        "动作片",
        "喜剧片",
        "爱情片",
        "科幻片",
        "恐怖片",
        "剧情片",
        "战争片",
        "纪录片",
        "综艺"
      ]
    },
    {
      "key": "百度",
      "name": "百度",
      "type": 1,
      "api": "https://api.apibdzy.com/api.php/provide/vod/",
      "searchable": 1,
      "filterable": 0,
      "categories": [
        "国产动漫",
        "日韩动漫",
        "大陆剧",
        "欧美剧",
        "韩剧",
        "日剧",
        "动作片",
        "喜剧片",
        "爱情片",
        "科幻片",
        "恐怖片",
        "剧情片",
        "战争片"
      ]
    },
    {
      "key": "櫻花",
      "name": "櫻花",
      "type": 3,
      "api": "csp_Ying",
      "searchable": 1,
      "filterable": 1
    },
    {
      "key": "巴士",
      "name": "巴士",
      "type": 3,
      "api": "csp_Dm84",
      "searchable": 1,
      "filterable": 1
    },
    {
      "key": "異界",
      "name": "異界",
      "type": 3,
      "api": "csp_Ysj",
      "searchable": 1,
      "filterable": 1
    },
    {
      "key": "紙條",
      "name": "紙條",
      "type": 3,
      "api": "csp_Paper",
      "searchable": 1,
      "filterable": 1,
      "ext": "clan://tvboxhh/1109fm/home.jundie.top_666/token.txt"
    },
    {
      "key": "易搜",
      "name": "易搜",
      "type": 3,
      "api": "csp_YiSo",
      "searchable": 1,
      "filterable": 0,
      "ext": "clan://tvboxhh/1109fm/home.jundie.top_666/token.txt"
    },
    {
      "key": "盤搜",
      "name": "盤搜",
      "type": 3,
      "api": "csp_PanSou",
      "searchable": 1,
      "filterable": 0,
      "ext": "clan://tvboxhh/1109fm/home.jundie.top_666/token.txt"
    },
    {
      "key": "push_agent",
      "name": "推送",
      "type": 3,
      "api": "csp_Push",
      "searchable": 1,
      "filterable": 0,
      "ext": "clan://tvboxhh/1109fm/home.jundie.top_666/token.txt"
    }
  ]
}