{
  "作者": "菜妮丝https://cainisi.cf",
  "站名": "干饭影视",
  "主页url": "https://gfysys1.com",
  
  "分类": "电影&剧集&综艺&动漫",
  "分类值": "1&2&3&4",
  
  "分类url": "https://gfysys1.com/vodtype/{cateId}-{catePg}.html",
  
  "搜索模式": "1",
  "搜索url": "/vodsearch/{wd}----------1---.html",
  "搜索数组": "stui-vodlist__box\">&&</a>",
  
  "影片年代": "年份：&&</p>",
  "影片地区": "地区：&&/",
  "影片类型": "类型：&&/",
  "导演": "导演：&&</p>",
  "主演": "主演：&&</p>",
  "简介": "display: none;\">&&</span>",
  
  "线路数组": "<li><a href=\"#playlist&&/a>",
  "线路标题": ">&&<[替换:（>>👉#）>>集♥]",
  
  "播放数组": "<ul class=\"stui-content&&</ul>"
}