{
  "作者": "菜妮丝https://cainisi.cf",
  "站名": "8K影视",
  "主页url": "http://www.8kvod.com",
  
  "分类": "电影$1#连续剧$2#综艺$3#动漫$4#体育$41",
  
  "分类url": "http://www.8kvod.com/t/{cateId}-{catePg}/",
  
  "数组": "myui-vodlist__box\">&&</a>",
  "副标题": "text-right\">&&</span>",
  
  "搜索模式": "1",
  "搜索url": "/vse{wd}/page/1/",
  "搜索数组": "<li class=\"clearfix\">&&</a>",
  "搜索副标题": "text-right\">&&</span>",
  
  "影片年代": "年份：&&</a>",
  "影片地区": "地区：&&</a>",
  "影片类型": "分类：&&</a>",
  "导演": "导演：&&</p>",
  "主演": "主演：&&</p>",
  "简介": "剧情简介','&&','",
  
  "线路数组": "data-toggle=&&</li>",
  "线路标题": ">&&<",
  
  "播放数组": "<ul class=\"myui-content__list&&</ul>"
}