{
  "作者": "菜妮丝https://cainisi.cf",
  "站名": "农民影视",
  "主页url": "https://v.xiangdao.me",
  "热门": "连续剧$20",
  "请求头": "手机",
  "倒序播放": "1",
  
  "分类": "电影$1#连续剧$2#综艺$3#动漫$4",
  
  "分类url": "https://v.xiangdao.me/vod-list-id-{cateId}-pg-{catePg}-order--by-{by}-class-0-year-{year}-letter--area-{area}-lang-.html",
  
  "二次截取": "resize_list\">&&</ul>",
  "数组": "<li>&&</li>",
  "图片": "data-echo=\"&&\"",
  "标题": "title=\"&&\"",
  "链接": "href=\"&&\"",
  "副标题": "<span>&&<em>",
  
  "搜索模式": "1",
  "搜索url": "/index.php?m=vod-search;post;wd={wd}",
  "搜索二次截取": "data_list\">&&</ul>",
  "搜索数组": "<li>&&</li>",
  "搜索图片": "data-src=\"&&\"",
  "搜索标题": "sTit\">&&</span>",
  "搜索副标题": "sStyle\">&&</span>",
  "搜索链接": "href=\"&&\"",
  
  "导演": "导演:&&</div>",
  "主演": "主演:&&</div>",
  "简介": "<p>*介：&&</p>",
  
  "线路数组": "<a href=\"javascript:;&&/a>",
  "线路标题": ">&&<",
  
  "播放数组": "numList\">&&</ul>",
  
  "筛选":{
"1":[
  {"key":"cateId","name":"类型","value":[
  {"n":"全部","v":"1"},
  {"n":"动作片","v":"5"},
  {"n":"喜剧片","v":"6"},
  {"n":"爱情片","v":"7"},
  {"n":"科幻片","v":"8"},
  {"n":"恐怖片","v":"9"},
  {"n":"剧情片","v":"10"},
  {"n":"战争片","v":"11"},
  {"n":"惊悚片","v":"16"},
  {"n":"奇幻片","v":"17"}]},
  
  {"key":"area","name":"地区","value":[
  {"n":"全部","v":""},
  {"n":"大陆","v":"大陆"},
  {"n":"香港","v":"香港"},
  {"n":"台湾","v":"台湾"},
  {"n":"美国","v":"美国"},
  {"n":"韩国","v":"韩国"},
  {"n":"日本","v":"日本"},
  {"n":"泰国","v":"泰国"},
  {"n":"新加坡","v":"新加坡"},
  {"n":"马来西亚","v":"马来西亚"},
  {"n":"印度","v":"印度"},
  {"n":"英国","v":"英国"},
  {"n":"法国","v":"法国"},
  {"n":"加拿大","v":"加拿大"},
  {"n":"西班牙","v":"西班牙"},
  {"n":"俄罗斯","v":"俄罗斯"},
  {"n":"其它","v":"其它"}]},
  
  {"key":"year","name":"年份","value":[
  {"n":"全部","v":""},
  {"n":"2022","v":"2022"},
  {"n":"2021","v":"2021"},
  {"n":"2020","v":"2020"},
  {"n":"2019","v":"2019"},
  {"n":"2018","v":"2018"},
  {"n":"2017","v":"2017"},
  {"n":"2016","v":"2016"},
  {"n":"2015","v":"2015"},
  {"n":"2014","v":"2014"},
  {"n":"2013","v":"2013"},
  {"n":"2012","v":"2012"},
  {"n":"2011","v":"2011"},
  {"n":"2010","v":"2010"},
  {"n":"2009","v":"2009"},
  {"n":"2008","v":"2008"},
  {"n":"2007","v":"2007"},
  {"n":"2006","v":"2006"},
  {"n":"2005","v":"2005"},
  {"n":"2004","v":"2004"},
  {"n":"2003","v":"2003"},
  {"n":"2002","v":"2002"},
  {"n":"2001","v":"2001"},
  {"n":"2000","v":"2000"},
  {"n":"1999","v":"1999"},
  {"n":"1998","v":"1998"},
  {"n":"1997","v":"1997"},
  {"n":"1996","v":"1996"},
  {"n":"1995","v":"1995"},
  {"n":"1994","v":"1994"},
  {"n":"1993","v":"1993"},
  {"n":"1992","v":"1992"},
  {"n":"1991","v":"1991"},
  {"n":"1990","v":"1990"},
  {"n":"1989","v":"1989"},
  {"n":"1988","v":"1988"},
  {"n":"1987","v":"1987"},
  {"n":"1986","v":"1986"},
  {"n":"1985","v":"1985"},
  {"n":"1984","v":"1984"},
  {"n":"1983","v":"1983"},
  {"n":"1982","v":"1982"},
  {"n":"1981","v":"1981"},
  {"n":"1980","v":"1980"},
  {"n":"1979","v":"1979"},
  {"n":"1978","v":"1978"},
  {"n":"1977","v":"1977"},
  {"n":"1976","v":"1976"},
  {"n":"1975","v":"1975"},
  {"n":"1974","v":"1974"},
  {"n":"1973","v":"1973"},
  {"n":"1972","v":"1972"},
  {"n":"1971","v":"1971"},
  {"n":"1970","v":"1970"},
  {"n":"1969","v":"1969"},
  {"n":"1968","v":"1968"},
  {"n":"1967","v":"1967"},
  {"n":"1966","v":"1966"},
  {"n":"1965","v":"1965"},
  {"n":"1964","v":"1964"},
  {"n":"1963","v":"1963"},
  {"n":"1962","v":"1962"},
  {"n":"1961","v":"1961"},
  {"n":"1960","v":"1960"}]},
  
  {"key":"by","name":"排序","value":[
  {"n":"时间","v":"time"},
  {"n":"人气","v":"hits"},
  {"n":"评分","v":"score"}]}],
  
"2":[
  {"key":"cateId","name":"类型","value":[
  {"n":"全部","v":"2"},
  {"n":"国产剧","v":"12"},
  {"n":"港台泰","v":"13"},
  {"n":"日韩剧","v":"14"},
  {"n":"欧美剧","v":"15"}]},
  
  {"key":"area","name":"地区","value":[
  {"n":"全部","v":""},
  {"n":"大陆","v":"大陆"},
  {"n":"香港","v":"香港"},
  {"n":"台湾","v":"台湾"},
  {"n":"美国","v":"美国"},
  {"n":"韩国","v":"韩国"},
  {"n":"日本","v":"日本"},
  {"n":"泰国","v":"泰国"},
  {"n":"新加坡","v":"新加坡"},
  {"n":"马来西亚","v":"马来西亚"},
  {"n":"印度","v":"印度"},
  {"n":"英国","v":"英国"},
  {"n":"法国","v":"法国"},
  {"n":"加拿大","v":"加拿大"},
  {"n":"西班牙","v":"西班牙"},
  {"n":"俄罗斯","v":"俄罗斯"},
  {"n":"其它","v":"其它"}]},
  
  {"key":"year","name":"年份","value":[
  {"n":"全部","v":""},
  {"n":"2022","v":"2022"},
  {"n":"2021","v":"2021"},
  {"n":"2020","v":"2020"},
  {"n":"2019","v":"2019"},
  {"n":"2018","v":"2018"},
  {"n":"2017","v":"2017"},
  {"n":"2016","v":"2016"},
  {"n":"2015","v":"2015"},
  {"n":"2014","v":"2014"},
  {"n":"2013","v":"2013"},
  {"n":"2012","v":"2012"},
  {"n":"2011","v":"2011"},
  {"n":"2010","v":"2010"},
  {"n":"2009","v":"2009"},
  {"n":"2008","v":"2008"},
  {"n":"2007","v":"2007"},
  {"n":"2006","v":"2006"},
  {"n":"2005","v":"2005"},
  {"n":"2004","v":"2004"},
  {"n":"2003","v":"2003"},
  {"n":"2002","v":"2002"},
  {"n":"2001","v":"2001"},
  {"n":"2000","v":"2000"},
  {"n":"1999","v":"1999"},
  {"n":"1998","v":"1998"},
  {"n":"1997","v":"1997"},
  {"n":"1996","v":"1996"},
  {"n":"1995","v":"1995"},
  {"n":"1994","v":"1994"},
  {"n":"1993","v":"1993"},
  {"n":"1992","v":"1992"},
  {"n":"1991","v":"1991"},
  {"n":"1990","v":"1990"},
  {"n":"1989","v":"1989"},
  {"n":"1988","v":"1988"},
  {"n":"1987","v":"1987"},
  {"n":"1986","v":"1986"},
  {"n":"1985","v":"1985"},
  {"n":"1984","v":"1984"},
  {"n":"1983","v":"1983"},
  {"n":"1982","v":"1982"},
  {"n":"1981","v":"1981"},
  {"n":"1980","v":"1980"},
  {"n":"1979","v":"1979"},
  {"n":"1978","v":"1978"},
  {"n":"1977","v":"1977"},
  {"n":"1976","v":"1976"},
  {"n":"1975","v":"1975"},
  {"n":"1974","v":"1974"},
  {"n":"1973","v":"1973"},
  {"n":"1972","v":"1972"},
  {"n":"1971","v":"1971"},
  {"n":"1970","v":"1970"},
  {"n":"1969","v":"1969"},
  {"n":"1968","v":"1968"},
  {"n":"1967","v":"1967"},
  {"n":"1966","v":"1966"},
  {"n":"1965","v":"1965"},
  {"n":"1964","v":"1964"},
  {"n":"1963","v":"1963"},
  {"n":"1962","v":"1962"},
  {"n":"1961","v":"1961"},
  {"n":"1960","v":"1960"}]},
  
  {"key":"by","name":"排序","value":[
  {"n":"时间","v":"time"},
  {"n":"人气","v":"hits"},
  {"n":"评分","v":"score"}]}],
  
"3":[
  {"key":"area","name":"地区","value":[
  {"n":"全部","v":""},
  {"n":"大陆","v":"大陆"},
  {"n":"香港","v":"香港"},
  {"n":"台湾","v":"台湾"},
  {"n":"美国","v":"美国"},
  {"n":"韩国","v":"韩国"},
  {"n":"日本","v":"日本"},
  {"n":"泰国","v":"泰国"},
  {"n":"新加坡","v":"新加坡"},
  {"n":"马来西亚","v":"马来西亚"},
  {"n":"印度","v":"印度"},
  {"n":"英国","v":"英国"},
  {"n":"法国","v":"法国"},
  {"n":"加拿大","v":"加拿大"},
  {"n":"西班牙","v":"西班牙"},
  {"n":"俄罗斯","v":"俄罗斯"},
  {"n":"其它","v":"其它"}]},
  
  {"key":"year","name":"年份","value":[
  {"n":"全部","v":""},
  {"n":"2022","v":"2022"},
  {"n":"2021","v":"2021"},
  {"n":"2020","v":"2020"},
  {"n":"2019","v":"2019"},
  {"n":"2018","v":"2018"},
  {"n":"2017","v":"2017"},
  {"n":"2016","v":"2016"},
  {"n":"2015","v":"2015"},
  {"n":"2014","v":"2014"},
  {"n":"2013","v":"2013"},
  {"n":"2012","v":"2012"},
  {"n":"2011","v":"2011"},
  {"n":"2010","v":"2010"},
  {"n":"2009","v":"2009"},
  {"n":"2008","v":"2008"},
  {"n":"2007","v":"2007"},
  {"n":"2006","v":"2006"},
  {"n":"2005","v":"2005"},
  {"n":"2004","v":"2004"},
  {"n":"2003","v":"2003"},
  {"n":"2002","v":"2002"},
  {"n":"2001","v":"2001"},
  {"n":"2000","v":"2000"},
  {"n":"1999","v":"1999"},
  {"n":"1998","v":"1998"},
  {"n":"1997","v":"1997"},
  {"n":"1996","v":"1996"},
  {"n":"1995","v":"1995"},
  {"n":"1994","v":"1994"},
  {"n":"1993","v":"1993"},
  {"n":"1992","v":"1992"},
  {"n":"1991","v":"1991"},
  {"n":"1990","v":"1990"},
  {"n":"1989","v":"1989"},
  {"n":"1988","v":"1988"},
  {"n":"1987","v":"1987"},
  {"n":"1986","v":"1986"},
  {"n":"1985","v":"1985"},
  {"n":"1984","v":"1984"},
  {"n":"1983","v":"1983"},
  {"n":"1982","v":"1982"},
  {"n":"1981","v":"1981"},
  {"n":"1980","v":"1980"},
  {"n":"1979","v":"1979"},
  {"n":"1978","v":"1978"},
  {"n":"1977","v":"1977"},
  {"n":"1976","v":"1976"},
  {"n":"1975","v":"1975"},
  {"n":"1974","v":"1974"},
  {"n":"1973","v":"1973"},
  {"n":"1972","v":"1972"},
  {"n":"1971","v":"1971"},
  {"n":"1970","v":"1970"},
  {"n":"1969","v":"1969"},
  {"n":"1968","v":"1968"},
  {"n":"1967","v":"1967"},
  {"n":"1966","v":"1966"},
  {"n":"1965","v":"1965"},
  {"n":"1964","v":"1964"},
  {"n":"1963","v":"1963"},
  {"n":"1962","v":"1962"},
  {"n":"1961","v":"1961"},
  {"n":"1960","v":"1960"}]},
  
  {"key":"by","name":"排序","value":[
  {"n":"时间","v":"time"},
  {"n":"人气","v":"hits"},
  {"n":"评分","v":"score"}]}],
  
"4":[
  {"key":"cateId","name":"类型","value":[
  {"n":"全部","v":"4"},
  {"n":"动漫剧","v":"18"},
  {"n":"动漫片","v":"19"}]},
  
  {"key":"area","name":"地区","value":[
  {"n":"全部","v":""},
  {"n":"大陆","v":"大陆"},
  {"n":"香港","v":"香港"},
  {"n":"台湾","v":"台湾"},
  {"n":"美国","v":"美国"},
  {"n":"韩国","v":"韩国"},
  {"n":"日本","v":"日本"},
  {"n":"泰国","v":"泰国"},
  {"n":"新加坡","v":"新加坡"},
  {"n":"马来西亚","v":"马来西亚"},
  {"n":"印度","v":"印度"},
  {"n":"英国","v":"英国"},
  {"n":"法国","v":"法国"},
  {"n":"加拿大","v":"加拿大"},
  {"n":"西班牙","v":"西班牙"},
  {"n":"俄罗斯","v":"俄罗斯"},
  {"n":"其它","v":"其它"}]},
  
  {"key":"year","name":"年份","value":[
  {"n":"全部","v":""},
  {"n":"2022","v":"2022"},
  {"n":"2021","v":"2021"},
  {"n":"2020","v":"2020"},
  {"n":"2019","v":"2019"},
  {"n":"2018","v":"2018"},
  {"n":"2017","v":"2017"},
  {"n":"2016","v":"2016"},
  {"n":"2015","v":"2015"},
  {"n":"2014","v":"2014"},
  {"n":"2013","v":"2013"},
  {"n":"2012","v":"2012"},
  {"n":"2011","v":"2011"},
  {"n":"2010","v":"2010"},
  {"n":"2009","v":"2009"},
  {"n":"2008","v":"2008"},
  {"n":"2007","v":"2007"},
  {"n":"2006","v":"2006"},
  {"n":"2005","v":"2005"},
  {"n":"2004","v":"2004"},
  {"n":"2003","v":"2003"},
  {"n":"2002","v":"2002"},
  {"n":"2001","v":"2001"},
  {"n":"2000","v":"2000"},
  {"n":"1999","v":"1999"},
  {"n":"1998","v":"1998"},
  {"n":"1997","v":"1997"},
  {"n":"1996","v":"1996"},
  {"n":"1995","v":"1995"},
  {"n":"1994","v":"1994"},
  {"n":"1993","v":"1993"},
  {"n":"1992","v":"1992"},
  {"n":"1991","v":"1991"},
  {"n":"1990","v":"1990"},
  {"n":"1989","v":"1989"},
  {"n":"1988","v":"1988"},
  {"n":"1987","v":"1987"},
  {"n":"1986","v":"1986"},
  {"n":"1985","v":"1985"},
  {"n":"1984","v":"1984"},
  {"n":"1983","v":"1983"},
  {"n":"1982","v":"1982"},
  {"n":"1981","v":"1981"},
  {"n":"1980","v":"1980"},
  {"n":"1979","v":"1979"},
  {"n":"1978","v":"1978"},
  {"n":"1977","v":"1977"},
  {"n":"1976","v":"1976"},
  {"n":"1975","v":"1975"},
  {"n":"1974","v":"1974"},
  {"n":"1973","v":"1973"},
  {"n":"1972","v":"1972"},
  {"n":"1971","v":"1971"},
  {"n":"1970","v":"1970"},
  {"n":"1969","v":"1969"},
  {"n":"1968","v":"1968"},
  {"n":"1967","v":"1967"},
  {"n":"1966","v":"1966"},
  {"n":"1965","v":"1965"},
  {"n":"1964","v":"1964"},
  {"n":"1963","v":"1963"},
  {"n":"1962","v":"1962"},
  {"n":"1961","v":"1961"},
  {"n":"1960","v":"1960"}]},
  
  {"key":"by","name":"排序","value":[
  {"n":"时间","v":"time"},
  {"n":"人气","v":"hits"},
  {"n":"评分","v":"score"}]}]}
}